Zona,Seção,Local de Votação,Bairro,Eleitores da Seção,22 - PL,13 - PT,70 - AVANTE,55 - PSD,14 - MISSÃO,30 - NOVO,27 - DC,80 - UP,16 - PSTU,21 - PCB,35 - DEMOCRATA,29 - PCO,28 - PRTB,Total Votos Nominais,Brancos (Calculado),Nulos (Calculado),Comparecimento (Calculado),Abstenções (Calculado),% Comparecimento,% Abstenção,% 22 (PL) s/ Eleitores,% 13 (PT) s/ Eleitores
1,868,ESCOLA MUNICIPAL UDENEY GONÇALVES DE AMORIM,AGUAÇU,313,123,113,6,5,2,0,0,0,0,0,0,0,0,249,3,4,259,54,82.75%,17.25%,39.3%,36.1%
1,869,ESCOLA MUNICIPAL UDENEY GONÇALVES DE AMORIM,AGUAÇU,316,134,92,9,11,1,0,0,0,0,0,0,0,0,247,3,4,261,55,82.59%,17.41%,42.41%,29.11%
1,927,ESCOLA MUNICIPAL UDENEY GONÇALVES DE AMORIM,AGUAÇU,310,132,97,10,8,1,0,0,1,0,0,0,0,0,249,3,4,256,54,82.58%,17.42%,42.58%,31.29%
51,133,ESCOLA MUNICIPAL PROFESSORA GRACILDES MELO DANTAS,ALTOS DA GLÓRIA,360,119,122,12,7,4,0,0,1,0,0,0,0,0,265,4,6,294,66,81.67%,18.33%,33.06%,33.89%
51,149,ESCOLA MUNICIPAL PROFESSORA GRACILDES MELO DANTAS,ALTOS DA GLÓRIA,353,143,109,12,2,6,1,0,1,0,0,0,0,0,274,4,6,288,65,81.59%,18.41%,40.51%,30.88%
51,264,ESCOLA MUNICIPAL PROFESSORA GRACILDES MELO DANTAS,ALTOS DA GLÓRIA,363,141,116,9,6,7,1,0,0,0,0,0,0,1,281,4,6,297,66,81.82%,18.18%,38.84%,31.96%
51,296,ESCOLA MUNICIPAL PROFESSORA GRACILDES MELO DANTAS,ALTOS DA GLÓRIA,353,136,113,8,7,3,1,1,0,0,0,0,0,0,269,4,6,288,65,81.59%,18.41%,38.53%,32.01%
51,339,ESCOLA MUNICIPAL PROFESSORA GRACILDES MELO DANTAS,ALTOS DA GLÓRIA,360,143,113,11,6,4,0,0,0,0,0,1,0,0,278,4,6,294,66,81.67%,18.33%,39.72%,31.39%
51,361,ESCOLA MUNICIPAL PROFESSORA GRACILDES MELO DANTAS,ALTOS DA GLÓRIA,357,121,123,8,6,7,0,1,1,0,0,0,0,0,267,4,6,292,65,81.79%,18.21%,33.89%,34.45%
51,374,ESCOLA MUNICIPAL PROFESSORA GRACILDES MELO DANTAS,ALTOS DA GLÓRIA,356,104,124,12,6,6,1,0,1,0,0,0,0,0,254,4,6,291,65,81.74%,18.26%,29.21%,34.83%
39,654,ESCOLA MUNICIPAL DE EDUCAÇÃO BÁSICA CELINA FIALHO BEZERRA,ALTOS DA SERRA,386,129,140,6,6,4,3,0,0,0,0,0,0,0,288,4,6,318,68,82.38%,17.62%,33.42%,36.27%
39,655,ESCOLA MUNICIPAL DE EDUCAÇÃO BÁSICA CELINA FIALHO BEZERRA,ALTOS DA SERRA,384,150,124,8,7,2,0,1,1,0,0,0,0,0,293,3,6,316,68,82.29%,17.71%,39.06%,32.29%
39,656,ESCOLA MUNICIPAL DE EDUCAÇÃO BÁSICA CELINA FIALHO BEZERRA,ALTOS DA SERRA,393,153,118,8,11,7,1,0,0,0,0,0,0,0,298,4,6,324,69,82.44%,17.56%,38.93%,30.03%
39,657,ESCOLA MUNICIPAL DE EDUCAÇÃO BÁSICA CELINA FIALHO BEZERRA,ALTOS DA SERRA,386,145,137,6,7,2,2,1,0,0,0,0,0,0,300,4,6,318,68,82.38%,17.62%,37.56%,35.49%
39,658,ESCOLA MUNICIPAL DE EDUCAÇÃO BÁSICA CELINA FIALHO BEZERRA,ALTOS DA SERRA,389,159,114,8,11,5,0,1,0,0,0,0,0,0,298,4,6,320,69,82.26%,17.74%,40.87%,29.31%
39,659,ESCOLA MUNICIPAL DE EDUCAÇÃO BÁSICA CELINA FIALHO BEZERRA,ALTOS DA SERRA,388,140,124,7,6,2,2,1,3,0,1,1,0,1,288,4,6,320,68,82.47%,17.53%,36.08%,31.96%
39,697,ESCOLA MUNICIPAL DE EDUCAÇÃO BÁSICA CELINA FIALHO BEZERRA,ALTOS DA SERRA,389,124,143,6,4,4,2,0,1,0,0,0,1,0,285,4,6,320,69,82.26%,17.74%,31.88%,36.76%
39,708,CMEI REGINA PIA PADILLA DE BOURBON NEVES,ALTOS DA SERRA,393,147,134,2,7,1,1,0,1,1,0,0,0,0,294,4,6,324,69,82.44%,17.56%,37.4%,34.1%
39,714,CMEI REGINA PIA PADILLA DE BOURBON NEVES,ALTOS DA SERRA,385,142,134,3,2,8,1,2,1,0,0,0,0,0,293,3,6,317,68,82.34%,17.66%,36.88%,34.81%
39,723,CMEI REGINA PIA PADILLA DE BOURBON NEVES,ALTOS DA SERRA,388,139,139,6,3,9,0,2,1,0,0,0,0,0,299,4,6,320,68,82.47%,17.53%,35.82%,35.82%
39,727,CMEI REGINA PIA PADILLA DE BOURBON NEVES,ALTOS DA SERRA,377,161,101,9,4,5,0,0,0,0,0,0,0,0,280,3,6,311,66,82.49%,17.51%,42.71%,26.79%
55,247,CCI - CENTRO DE CONVIVÊNCIA DO IDOSO JOÃO GUERREIRO,ALTOS DO COXIPÓ,345,185,99,6,4,2,0,0,0,0,0,0,0,0,296,4,6,278,67,80.58%,19.42%,53.62%,28.7%
55,279,CCI - CENTRO DE CONVIVÊNCIA DO IDOSO JOÃO GUERREIRO,ALTOS DO COXIPÓ,347,189,82,6,2,3,3,0,0,0,0,0,0,0,285,4,6,280,67,80.69%,19.31%,54.47%,23.63%
55,312,CCI - CENTRO DE CONVIVÊNCIA DO IDOSO JOÃO GUERREIRO,ALTOS DO COXIPÓ,331,105,79,12,6,16,1,0,0,0,0,0,0,0,219,4,6,267,64,80.66%,19.34%,31.72%,23.87%
55,340,EMEB CLOVIS HUGUENEY NETO,ALTOS DO PARQUE,229,94,82,7,2,2,1,0,0,0,0,0,0,0,188,3,4,185,44,80.79%,19.21%,41.05%,35.81%
1,870,ESCOLA MUNICIPAL CÂNDIDO MARIANO DA SILVA RONDON,ALVORADA,390,187,102,7,9,8,0,0,0,0,0,0,0,0,313,3,5,322,68,82.56%,17.44%,47.95%,26.15%
1,871,ESCOLA MUNICIPAL CÂNDIDO MARIANO DA SILVA RONDON,ALVORADA,389,156,101,13,4,7,2,0,0,0,0,0,0,0,283,3,5,321,68,82.52%,17.48%,40.1%,25.96%
1,872,ESCOLA MUNICIPAL CÂNDIDO MARIANO DA SILVA RONDON,ALVORADA,392,171,105,10,7,4,1,0,0,0,0,0,0,0,298,3,5,324,68,82.65%,17.35%,43.62%,26.79%
1,873,ESCOLA MUNICIPAL CÂNDIDO MARIANO DA SILVA RONDON,ALVORADA,391,148,112,6,7,6,0,0,0,0,1,0,0,0,280,3,5,323,68,82.61%,17.39%,37.85%,28.64%
1,874,ESCOLA MUNICIPAL CÂNDIDO MARIANO DA SILVA RONDON,ALVORADA,389,160,87,7,6,5,1,0,1,0,0,0,0,0,267,3,5,321,68,82.52%,17.48%,41.13%,22.37%
1,875,ESCOLA MUNICIPAL CÂNDIDO MARIANO DA SILVA RONDON,ALVORADA,388,177,91,7,6,3,0,2,0,0,0,0,0,0,286,3,5,321,67,82.73%,17.27%,45.62%,23.45%
1,876,ESCOLA MUNICIPAL CÂNDIDO MARIANO DA SILVA RONDON,ALVORADA,387,163,115,6,13,6,0,0,1,0,0,0,0,0,304,3,5,320,67,82.69%,17.31%,42.12%,29.72%
1,877,ESCOLA MUNICIPAL CÂNDIDO MARIANO DA SILVA RONDON,ALVORADA,390,166,92,11,7,4,3,2,0,0,0,0,0,0,285,3,5,322,68,82.56%,17.44%,42.56%,23.59%
1,878,ESCOLA MUNICIPAL CÂNDIDO MARIANO DA SILVA RONDON,ALVORADA,390,178,102,6,4,9,2,1,1,0,1,0,0,0,304,3,5,322,68,82.56%,17.44%,45.64%,26.15%
1,879,ESCOLA MUNICIPAL CÂNDIDO MARIANO DA SILVA RONDON,ALVORADA,393,180,86,10,1,4,0,1,0,0,0,0,0,0,282,3,5,325,68,82.7%,17.3%,45.8%,21.88%
1,880,ESCOLA MUNICIPAL CÂNDIDO MARIANO DA SILVA RONDON,ALVORADA,385,165,88,7,5,9,0,1,1,0,0,0,0,0,276,3,5,318,67,82.6%,17.4%,42.86%,22.86%
1,881,ESCOLA MUNICIPAL CÂNDIDO MARIANO DA SILVA RONDON,ALVORADA,391,189,95,7,8,6,0,0,0,0,0,0,0,0,305,3,5,323,68,82.61%,17.39%,48.34%,24.3%
39,364,ESCOLA MUNICIPAL EDUCAÇÃO BÁSICA EZEQUIEL POMPEU RIBEIRO DE SIQUEIRA,ARAÉS,193,0,0,0,0,0,0,0,0,0,0,0,0,0,0,2,3,159,34,82.38%,17.62%,0.0%,0.0%
39,365,ESCOLA MUNICIPAL EDUCAÇÃO BÁSICA EZEQUIEL POMPEU RIBEIRO DE SIQUEIRA,ARAÉS,194,200,91,10,8,8,1,3,0,0,0,0,0,0,321,2,3,160,34,82.47%,17.53%,103.09%,46.91%
39,366,ESCOLA MUNICIPAL EDUCAÇÃO BÁSICA EZEQUIEL POMPEU RIBEIRO DE SIQUEIRA,ARAÉS,191,0,0,0,0,0,0,0,0,0,0,0,0,0,0,2,3,157,34,82.2%,17.8%,0.0%,0.0%
39,367,ESCOLA MUNICIPAL EDUCAÇÃO BÁSICA EZEQUIEL POMPEU RIBEIRO DE SIQUEIRA,ARAÉS,195,180,105,5,11,4,0,1,2,0,0,0,0,0,308,2,3,161,34,82.56%,17.44%,92.31%,53.85%
39,368,ESCOLA MUNICIPAL EDUCAÇÃO BÁSICA EZEQUIEL POMPEU RIBEIRO DE SIQUEIRA,ARAÉS,195,200,106,8,8,3,0,0,0,0,0,0,0,0,325,2,3,161,34,82.56%,17.44%,102.56%,54.36%
39,369,ESCOLA MUNICIPAL EDUCAÇÃO BÁSICA EZEQUIEL POMPEU RIBEIRO DE SIQUEIRA,ARAÉS,193,0,0,0,0,0,0,0,0,0,0,0,0,0,0,2,3,159,34,82.38%,17.62%,0.0%,0.0%
39,370,ESCOLA MUNICIPAL EDUCAÇÃO BÁSICA EZEQUIEL POMPEU RIBEIRO DE SIQUEIRA,ARAÉS,194,175,101,10,6,6,4,0,1,0,0,0,0,0,303,2,3,160,34,82.47%,17.53%,90.21%,52.06%
39,371,ESCOLA MUNICIPAL EDUCAÇÃO BÁSICA EZEQUIEL POMPEU RIBEIRO DE SIQUEIRA,ARAÉS,192,0,0,0,0,0,0,0,0,0,0,0,0,0,0,2,3,158,34,82.29%,17.71%,0.0%,0.0%
39,527,ESCOLA ESTADUAL PRESIDENTE MÉDICI,ARAÉS,279,136,70,6,7,7,1,1,0,0,0,0,0,0,228,3,4,230,49,82.44%,17.56%,48.75%,25.09%
39,528,ESCOLA ESTADUAL PRESIDENTE MÉDICI,ARAÉS,280,138,61,4,6,12,1,0,0,0,0,0,0,0,222,3,4,231,49,82.5%,17.5%,49.29%,21.79%
39,529,ESCOLA ESTADUAL PRESIDENTE MÉDICI,ARAÉS,278,133,59,4,6,10,3,0,0,0,0,0,0,0,215,3,4,229,49,82.37%,17.63%,47.84%,21.22%
39,530,ESCOLA ESTADUAL PRESIDENTE MÉDICI,ARAÉS,280,136,66,6,5,4,1,0,1,0,0,0,0,0,219,3,4,231,49,82.5%,17.5%,48.57%,23.57%
39,531,ESCOLA ESTADUAL PRESIDENTE MÉDICI,ARAÉS,279,143,68,10,3,9,0,0,0,1,0,0,0,0,234,3,4,230,49,82.44%,17.56%,51.25%,24.37%
39,532,ESCOLA ESTADUAL PRESIDENTE MÉDICI,ARAÉS,282,137,69,3,6,9,1,0,0,0,0,0,0,0,225,3,4,232,50,82.27%,17.73%,48.58%,24.47%
39,533,ESCOLA ESTADUAL PRESIDENTE MÉDICI,ARAÉS,280,151,48,7,5,5,1,0,0,0,0,0,0,0,217,3,4,231,49,82.5%,17.5%,53.93%,17.14%
39,534,ESCOLA ESTADUAL PRESIDENTE MÉDICI,ARAÉS,278,147,66,6,3,5,1,0,1,0,0,0,0,0,229,3,4,229,49,82.37%,17.63%,52.88%,23.74%
39,535,ESCOLA ESTADUAL PRESIDENTE MÉDICI,ARAÉS,274,134,71,5,4,3,1,0,0,0,0,0,0,0,218,2,4,226,48,82.48%,17.52%,48.91%,25.91%
39,536,ESCOLA ESTADUAL PRESIDENTE MÉDICI,ARAÉS,279,134,75,5,7,5,1,0,0,0,0,0,0,0,227,3,4,230,49,82.44%,17.56%,48.03%,26.88%
39,537,ESCOLA ESTADUAL PRESIDENTE MÉDICI,ARAÉS,283,131,54,6,5,9,2,0,1,0,0,0,0,0,208,3,4,233,50,82.33%,17.67%,46.29%,19.08%
39,538,ESCOLA ESTADUAL PRESIDENTE MÉDICI,ARAÉS,279,144,55,5,6,5,1,0,0,0,0,0,0,0,216,3,4,230,49,82.44%,17.56%,51.61%,19.71%
39,539,ESCOLA ESTADUAL PRESIDENTE MÉDICI,ARAÉS,282,146,60,3,2,8,0,0,1,0,0,0,0,0,220,3,4,232,50,82.27%,17.73%,51.77%,21.28%
39,540,ESCOLA ESTADUAL PRESIDENTE MÉDICI,ARAÉS,281,150,62,4,3,6,0,0,0,0,0,0,0,0,225,3,4,231,50,82.21%,17.79%,53.38%,22.06%
39,541,ESCOLA ESTADUAL PRESIDENTE MÉDICI,ARAÉS,282,142,63,6,4,9,0,1,0,0,0,0,0,0,225,3,4,232,50,82.27%,17.73%,50.35%,22.34%
39,542,ESCOLA MUNICIPAL DE EDUCAÇÃO BÁSICA JUAREZ SODRÉ FARIAS,ARAÉS,313,183,82,3,8,4,0,1,0,0,0,0,0,0,281,3,5,258,55,82.43%,17.57%,58.47%,26.2%
39,543,ESCOLA MUNICIPAL DE EDUCAÇÃO BÁSICA JUAREZ SODRÉ FARIAS,ARAÉS,308,150,67,9,5,6,0,1,0,0,0,0,0,0,238,3,5,254,54,82.47%,17.53%,48.7%,21.75%
39,544,ESCOLA MUNICIPAL DE EDUCAÇÃO BÁSICA JUAREZ SODRÉ FARIAS,ARAÉS,308,174,69,4,8,8,1,0,0,0,0,0,0,0,264,3,5,254,54,82.47%,17.53%,56.49%,22.4%
39,454,ESCOLA MUNICIPAL DE EDUCAÇÃO BÁSICA HENRIQUE DA SILVA PRADO,AREÃO,313,153,66,9,7,3,1,1,0,0,0,0,0,0,240,3,5,258,55,82.43%,17.57%,48.88%,21.09%
39,455,ESCOLA MUNICIPAL DE EDUCAÇÃO BÁSICA HENRIQUE DA SILVA PRADO,AREÃO,313,149,80,9,10,9,0,0,0,0,0,0,0,0,257,3,5,258,55,82.43%,17.57%,47.6%,25.56%
39,456,ESCOLA MUNICIPAL DE EDUCAÇÃO BÁSICA HENRIQUE DA SILVA PRADO,AREÃO,305,136,93,5,4,3,0,1,1,0,0,0,0,0,243,3,5,251,54,82.3%,17.7%,44.59%,30.49%
39,457,ESCOLA MUNICIPAL DE EDUCAÇÃO BÁSICA HENRIQUE DA SILVA PRADO,AREÃO,315,159,84,13,5,1,1,0,0,0,0,0,0,0,263,3,5,259,56,82.22%,17.78%,50.48%,26.67%
39,458,ESCOLA MUNICIPAL DE EDUCAÇÃO BÁSICA HENRIQUE DA SILVA PRADO,AREÃO,313,134,100,7,7,9,0,0,0,0,0,0,0,0,257,3,5,258,55,82.43%,17.57%,42.81%,31.95%
39,459,ESCOLA MUNICIPAL DE EDUCAÇÃO BÁSICA HENRIQUE DA SILVA PRADO,AREÃO,316,150,90,5,6,7,0,0,0,0,0,0,0,0,258,3,5,260,56,82.28%,17.72%,47.47%,28.48%
39,460,ESCOLA MUNICIPAL DE EDUCAÇÃO BÁSICA HENRIQUE DA SILVA PRADO,AREÃO,312,151,85,7,7,5,0,1,1,0,0,0,0,0,257,3,5,257,55,82.37%,17.63%,48.4%,27.24%
39,379,ESCOLA ESTADUAL ANTÔNIO CESÁRIO DE FIGUEIREDO NETO,BANDEIRANTES,138,0,0,0,0,0,0,0,0,0,0,0,0,0,0,1,2,114,24,82.61%,17.39%,0.0%,0.0%
39,380,ESCOLA ESTADUAL ANTÔNIO CESÁRIO DE FIGUEIREDO NETO,BANDEIRANTES,140,130,71,7,7,7,0,0,0,0,0,0,0,0,222,1,2,115,25,82.14%,17.86%,92.86%,50.71%
39,381,ESCOLA ESTADUAL ANTÔNIO CESÁRIO DE FIGUEIREDO NETO,BANDEIRANTES,140,122,81,6,6,7,1,0,0,0,0,0,0,0,223,1,2,115,25,82.14%,17.86%,87.14%,57.86%
39,382,ESCOLA ESTADUAL ANTÔNIO CESÁRIO DE FIGUEIREDO NETO,BANDEIRANTES,140,124,79,10,7,4,0,1,2,0,0,0,0,0,227,1,2,115,25,82.14%,17.86%,88.57%,56.43%
39,383,ESCOLA ESTADUAL ANTÔNIO CESÁRIO DE FIGUEIREDO NETO,BANDEIRANTES,140,126,76,14,4,9,1,0,0,0,0,0,0,0,230,1,2,115,25,82.14%,17.86%,90.0%,54.29%
39,384,ESCOLA ESTADUAL ANTÔNIO CESÁRIO DE FIGUEIREDO NETO,BANDEIRANTES,135,0,0,0,0,0,0,0,0,0,0,0,0,0,0,1,2,111,24,82.22%,17.78%,0.0%,0.0%
39,385,ESCOLA ESTADUAL ANTÔNIO CESÁRIO DE FIGUEIREDO NETO,BANDEIRANTES,140,134,77,6,5,5,0,1,0,0,0,0,0,0,228,1,2,115,25,82.14%,17.86%,95.71%,55.0%
39,386,ESCOLA ESTADUAL ANTÔNIO CESÁRIO DE FIGUEIREDO NETO,BANDEIRANTES,139,0,0,0,0,0,0,0,0,0,0,0,0,0,0,1,2,114,25,82.01%,17.99%,0.0%,0.0%
39,387,ESCOLA ESTADUAL ANTÔNIO CESÁRIO DE FIGUEIREDO NETO,BANDEIRANTES,136,0,0,0,0,0,0,0,0,0,0,0,0,0,0,1,2,112,24,82.35%,17.65%,0.0%,0.0%
39,388,ESCOLA ESTADUAL ANTÔNIO CESÁRIO DE FIGUEIREDO NETO,BANDEIRANTES,135,0,0,0,0,0,0,0,0,0,0,0,0,0,0,1,2,111,24,82.22%,17.78%,0.0%,0.0%
39,402,ESCOLA ESTADUAL BARÃO DE MELGAÇO/ESCOLA CESÁRIO NETO,BANDEIRANTES,140,0,0,0,0,0,0,0,0,0,0,0,0,0,0,1,2,115,25,82.14%,17.86%,0.0%,0.0%
39,403,ESCOLA ESTADUAL BARÃO DE MELGAÇO/ESCOLA CESÁRIO NETO,BANDEIRANTES,149,129,75,11,4,7,0,3,1,0,0,0,0,0,230,1,2,123,26,82.55%,17.45%,86.58%,50.34%
39,404,ESCOLA ESTADUAL BARÃO DE MELGAÇO/ESCOLA CESÁRIO NETO,BANDEIRANTES,150,84,36,2,2,1,0,0,0,0,0,0,0,0,125,1,2,124,26,82.67%,17.33%,56.0%,24.0%
39,405,ESCOLA ESTADUAL BARÃO DE MELGAÇO/ESCOLA CESÁRIO NETO,BANDEIRANTES,149,149,86,7,6,3,1,0,0,0,0,0,0,0,252,1,2,123,26,82.55%,17.45%,100.0%,57.72%
39,406,ESCOLA ESTADUAL BARÃO DE MELGAÇO/ESCOLA CESÁRIO NETO,BANDEIRANTES,147,0,0,0,0,0,0,0,0,0,0,0,0,0,0,1,2,121,26,82.31%,17.69%,0.0%,0.0%
39,407,ESCOLA ESTADUAL BARÃO DE MELGAÇO/ESCOLA CESÁRIO NETO,BANDEIRANTES,149,127,83,5,6,0,0,2,0,1,0,0,0,0,224,1,2,123,26,82.55%,17.45%,85.23%,55.7%
39,408,ESCOLA ESTADUAL BARÃO DE MELGAÇO/ESCOLA CESÁRIO NETO,BANDEIRANTES,149,138,72,11,5,4,0,0,0,0,0,0,0,0,230,1,2,123,26,82.55%,17.45%,92.62%,48.32%
39,409,ESCOLA ESTADUAL BARÃO DE MELGAÇO/ESCOLA CESÁRIO NETO,BANDEIRANTES,140,0,0,0,0,0,0,0,0,0,0,0,0,0,0,1,2,115,25,82.14%,17.86%,0.0%,0.0%
39,410,ESCOLA ESTADUAL BARÃO DE MELGAÇO/ESCOLA CESÁRIO NETO,BANDEIRANTES,135,0,0,0,0,0,0,0,0,0,0,0,0,0,0,1,2,111,24,82.22%,17.78%,0.0%,0.0%
39,461,ESCOLA MUNICIPAL DE EDUCAÇÃO BÁSICA ANTONIO FERREIRA VALENTIM,BARBADO,205,113,50,4,4,3,0,2,0,0,0,1,0,0,177,2,3,169,36,82.44%,17.56%,55.12%,24.39%
39,462,ESCOLA MUNICIPAL DE EDUCAÇÃO BÁSICA ANTONIO FERREIRA VALENTIM,BARBADO,209,98,59,5,4,3,0,1,1,0,0,1,0,0,172,2,3,172,37,82.3%,17.7%,46.89%,28.23%
39,463,ESCOLA MUNICIPAL DE EDUCAÇÃO BÁSICA ANTONIO FERREIRA VALENTIM,BARBADO,205,117,50,0,2,3,0,0,0,0,0,1,0,0,173,2,3,169,36,82.44%,17.56%,57.07%,24.39%
39,464,ESCOLA MUNICIPAL DE EDUCAÇÃO BÁSICA ANTONIO FERREIRA VALENTIM,BARBADO,208,117,49,4,2,3,0,3,0,0,0,0,0,0,178,2,3,171,37,82.21%,17.79%,56.25%,23.56%
39,678,ESCOLA MUNICIPAL DE EDUCAÇÃO BÁSICA MARIA DA GLÓRIA DE SOUZA,BAÚ,228,127,42,5,6,1,0,0,0,0,0,0,0,0,181,2,3,188,40,82.46%,17.54%,55.7%,18.42%
39,679,ESCOLA MUNICIPAL DE EDUCAÇÃO BÁSICA MARIA DA GLÓRIA DE SOUZA,BAÚ,227,98,60,3,6,2,1,1,0,0,0,0,0,0,171,2,3,187,40,82.38%,17.62%,43.17%,26.43%
39,680,ESCOLA MUNICIPAL DE EDUCAÇÃO BÁSICA MARIA DA GLÓRIA DE SOUZA,BAÚ,229,98,77,5,4,4,0,0,0,0,0,0,0,0,188,2,3,189,40,82.53%,17.47%,42.79%,33.62%
39,681,ESCOLA MUNICIPAL DE EDUCAÇÃO BÁSICA MARIA DA GLÓRIA DE SOUZA,BAÚ,230,101,67,8,6,3,0,0,0,0,0,0,0,0,185,2,3,189,41,82.17%,17.83%,43.91%,29.13%
39,682,ESCOLA MUNICIPAL DE EDUCAÇÃO BÁSICA MARIA DA GLÓRIA DE SOUZA,BAÚ,234,121,54,6,7,3,0,2,0,0,0,0,0,0,193,2,3,193,41,82.48%,17.52%,51.71%,23.08%
39,683,ESCOLA MUNICIPAL DE EDUCAÇÃO BÁSICA MARIA DA GLÓRIA DE SOUZA,BAÚ,229,109,66,3,5,2,0,2,0,0,0,0,0,0,187,2,3,189,40,82.53%,17.47%,47.6%,28.82%
39,684,ESCOLA MUNICIPAL DE EDUCAÇÃO BÁSICA MARIA DA GLÓRIA DE SOUZA,BAÚ,227,114,56,5,2,2,0,0,0,0,0,0,0,0,179,2,3,187,40,82.38%,17.62%,50.22%,24.67%
39,685,ESCOLA MUNICIPAL DE EDUCAÇÃO BÁSICA MARIA DA GLÓRIA DE SOUZA,BAÚ,228,131,50,6,2,3,0,0,0,0,0,0,0,0,192,2,3,188,40,82.46%,17.54%,57.46%,21.93%
51,24,SESI ESCOLA,BELA VISTA,231,116,62,3,4,6,1,1,0,0,0,0,0,0,193,2,4,189,42,81.82%,18.18%,50.22%,26.84%
51,25,SESI ESCOLA,BELA VISTA,228,124,57,4,3,3,0,0,0,0,0,0,0,0,191,2,4,186,42,81.58%,18.42%,54.39%,25.0%
51,26,SESI ESCOLA,BELA VISTA,227,101,60,6,6,6,0,0,0,1,0,0,0,0,180,2,4,185,42,81.5%,18.5%,44.49%,26.43%
51,27,SESI ESCOLA,BELA VISTA,228,110,50,3,6,3,0,1,0,1,0,0,0,0,174,2,4,186,42,81.58%,18.42%,48.25%,21.93%
51,28,SESI ESCOLA,BELA VISTA,225,95,55,5,6,2,1,0,3,0,0,0,0,0,167,2,4,184,41,81.78%,18.22%,42.22%,24.44%
51,29,SESI ESCOLA,BELA VISTA,229,130,57,4,3,1,0,2,1,0,0,0,0,0,198,2,4,187,42,81.66%,18.34%,56.77%,24.89%
51,78,SESI ESCOLA,BELA VISTA,227,128,48,2,6,1,1,0,0,0,0,0,0,0,186,2,4,185,42,81.5%,18.5%,56.39%,21.15%
51,84,SESI ESCOLA,BELA VISTA,229,129,50,5,6,0,0,0,0,0,0,0,0,0,190,2,4,187,42,81.66%,18.34%,56.33%,21.83%
51,88,SESI ESCOLA,BELA VISTA,227,117,55,8,1,3,0,1,0,0,0,0,0,0,185,2,4,185,42,81.5%,18.5%,51.54%,24.23%
51,93,SESI ESCOLA,BELA VISTA,224,204,119,6,5,11,3,0,0,0,0,0,0,0,348,2,4,183,41,81.7%,18.3%,91.07%,53.12%
51,105,SESI ESCOLA,BELA VISTA,225,119,56,5,1,3,0,1,0,1,0,0,0,0,186,2,4,184,41,81.78%,18.22%,52.89%,24.89%
51,112,SESI ESCOLA,BELA VISTA,227,110,63,4,3,2,0,2,0,0,0,0,0,0,184,2,4,185,42,81.5%,18.5%,48.46%,27.75%
51,120,SESI ESCOLA,BELA VISTA,224,118,50,7,3,6,0,0,0,0,0,0,0,0,184,2,4,183,41,81.7%,18.3%,52.68%,22.32%
51,136,SESI ESCOLA,BELA VISTA,230,122,47,10,3,3,0,1,1,0,0,0,0,0,187,2,4,188,42,81.74%,18.26%,53.04%,20.43%
51,183,ESCOLA MUNICIPAL OITO DE ABRIL,BELA VISTA,267,132,72,6,6,0,0,0,0,0,0,0,0,0,216,3,4,218,49,81.65%,18.35%,49.44%,26.97%
51,184,ESCOLA MUNICIPAL OITO DE ABRIL,BELA VISTA,266,120,62,6,6,7,0,0,0,0,0,0,0,0,201,3,4,217,49,81.58%,18.42%,45.11%,23.31%
51,185,ESCOLA MUNICIPAL OITO DE ABRIL,BELA VISTA,262,139,75,5,6,3,2,1,1,0,0,1,0,0,233,3,4,214,48,81.68%,18.32%,53.05%,28.63%
51,186,ESCOLA MUNICIPAL OITO DE ABRIL,BELA VISTA,267,119,96,4,1,1,0,0,0,0,0,0,0,0,221,3,4,218,49,81.65%,18.35%,44.57%,35.96%
51,188,ESCOLA MUNICIPAL OITO DE ABRIL,BELA VISTA,270,125,75,7,6,3,0,0,0,0,0,0,0,0,216,3,4,221,49,81.85%,18.15%,46.3%,27.78%
51,224,ESCOLA ESTADUAL CÍVICO-MILITAR ELIANE DIGIGOV SANTANA,BELA VISTA,383,175,112,10,5,7,2,0,0,0,0,0,0,0,311,4,6,313,70,81.72%,18.28%,45.69%,29.24%
51,225,ESCOLA ESTADUAL CÍVICO-MILITAR ELIANE DIGIGOV SANTANA,BELA VISTA,381,163,112,12,8,7,1,1,1,0,0,0,0,0,305,4,6,311,70,81.63%,18.37%,42.78%,29.4%
51,226,ESCOLA ESTADUAL CÍVICO-MILITAR ELIANE DIGIGOV SANTANA,BELA VISTA,384,140,127,6,6,12,1,0,0,1,0,0,0,0,293,4,6,314,70,81.77%,18.23%,36.46%,33.07%
51,227,ESCOLA ESTADUAL CÍVICO-MILITAR ELIANE DIGIGOV SANTANA,BELA VISTA,387,160,104,10,8,5,1,3,0,0,0,0,0,0,291,4,6,316,71,81.65%,18.35%,41.34%,26.87%
51,228,ESCOLA ESTADUAL CÍVICO-MILITAR ELIANE DIGIGOV SANTANA,BELA VISTA,390,170,116,9,7,6,1,0,0,0,0,0,0,0,309,4,6,319,71,81.79%,18.21%,43.59%,29.74%
51,229,ESCOLA ESTADUAL CÍVICO-MILITAR ELIANE DIGIGOV SANTANA,BELA VISTA,383,175,99,12,8,11,0,0,0,0,0,0,0,0,305,4,6,313,70,81.72%,18.28%,45.69%,25.85%
51,230,ESCOLA ESTADUAL CÍVICO-MILITAR ELIANE DIGIGOV SANTANA,BELA VISTA,388,181,97,7,11,9,1,2,2,0,0,0,0,0,310,4,6,317,71,81.7%,18.3%,46.65%,25.0%
51,231,ESCOLA MUNICIPAL MADRE MARTA CERUTTI,BELA VISTA,385,161,106,9,13,7,3,0,0,1,0,0,0,0,300,4,6,315,70,81.82%,18.18%,41.82%,27.53%
51,232,ESCOLA MUNICIPAL MADRE MARTA CERUTTI,BELA VISTA,393,175,128,8,9,6,1,1,0,0,0,0,1,0,329,4,6,321,72,81.68%,18.32%,44.53%,32.57%
51,233,ESCOLA MUNICIPAL MADRE MARTA CERUTTI,BELA VISTA,390,174,103,13,5,9,0,0,1,1,0,0,0,1,307,4,6,319,71,81.79%,18.21%,44.62%,26.41%
51,234,ESCOLA MUNICIPAL MADRE MARTA CERUTTI,BELA VISTA,387,168,119,9,8,5,1,0,1,0,0,0,0,0,311,4,6,316,71,81.65%,18.35%,43.41%,30.75%
51,235,ESCOLA MUNICIPAL MADRE MARTA CERUTTI,BELA VISTA,384,151,124,11,5,4,0,2,1,0,0,0,0,0,298,4,6,314,70,81.77%,18.23%,39.32%,32.29%
51,271,ESCOLA MUNICIPAL OITO DE ABRIL,BELA VISTA,266,121,72,10,5,6,0,3,0,0,0,0,0,0,217,3,4,217,49,81.58%,18.42%,45.49%,27.07%
51,272,ESCOLA ESTADUAL CÍVICO-MILITAR ELIANE DIGIGOV SANTANA,BELA VISTA,380,163,105,13,4,13,2,0,0,0,0,0,0,0,300,4,6,310,70,81.58%,18.42%,42.89%,27.63%
51,280,ESCOLA ESTADUAL CÍVICO-MILITAR ELIANE DIGIGOV SANTANA,BELA VISTA,360,162,90,10,11,9,0,2,0,0,0,0,0,0,284,4,6,294,66,81.67%,18.33%,45.0%,25.0%
51,281,ESCOLA ESTADUAL CÍVICO-MILITAR ELIANE DIGIGOV SANTANA,BELA VISTA,389,172,101,12,8,5,1,1,1,0,0,0,0,0,301,4,6,318,71,81.75%,18.25%,44.22%,25.96%
51,283,ESCOLA MUNICIPAL MADRE MARTA CERUTTI,BELA VISTA,381,164,111,11,10,7,0,0,0,0,0,0,0,0,303,4,6,311,70,81.63%,18.37%,43.04%,29.13%
51,304,ESCOLA ESTADUAL CÍVICO-MILITAR ELIANE DIGIGOV SANTANA,BELA VISTA,384,154,103,12,6,11,1,0,1,0,0,0,0,1,289,4,6,314,70,81.77%,18.23%,40.1%,26.82%
51,308,ESCOLA ESTADUAL CÍVICO-MILITAR ELIANE DIGIGOV SANTANA,BELA VISTA,386,168,87,15,5,12,0,2,0,0,0,0,0,0,289,4,6,315,71,81.61%,18.39%,43.52%,22.54%
51,351,ESCOLA MUNICIPAL MADRE MARTA CERUTTI,BELA VISTA,391,188,93,11,8,6,0,1,0,0,0,0,0,0,307,4,6,319,72,81.59%,18.41%,48.08%,23.79%
51,366,ESCOLA MUNICIPAL MADRE MARTA CERUTTI,BELA VISTA,379,160,76,10,8,10,1,1,1,0,0,0,0,0,267,4,6,310,69,81.79%,18.21%,42.22%,20.05%
51,385,ESCOLA MUNICIPAL MADRE MARTA CERUTTI,BELA VISTA,70,37,16,3,3,2,0,0,0,0,0,0,0,0,61,1,1,57,13,81.43%,18.57%,52.86%,22.86%
39,545,ESCOLA ESTADUAL FRANCISCO ALEXANDRE FERREIRA MENDES,BOA ESPERANÇA,395,192,83,6,7,8,0,0,0,0,0,0,0,0,296,4,6,325,70,82.28%,17.72%,48.61%,21.01%
39,546,ESCOLA ESTADUAL FRANCISCO ALEXANDRE FERREIRA MENDES,BOA ESPERANÇA,396,180,92,7,8,10,1,0,0,0,0,0,0,0,298,4,6,326,70,82.32%,17.68%,45.45%,23.23%
39,547,ESCOLA ESTADUAL FRANCISCO ALEXANDRE FERREIRA MENDES,BOA ESPERANÇA,395,189,90,10,5,16,0,1,2,0,0,0,1,0,314,4,6,325,70,82.28%,17.72%,47.85%,22.78%
39,548,ESCOLA ESTADUAL FRANCISCO ALEXANDRE FERREIRA MENDES,BOA ESPERANÇA,393,204,81,6,6,11,0,0,0,0,0,0,0,0,308,4,6,324,69,82.44%,17.56%,51.91%,20.61%
39,549,ESCOLA ESTADUAL FRANCISCO ALEXANDRE FERREIRA MENDES,BOA ESPERANÇA,394,193,92,11,4,16,1,0,0,0,0,0,0,0,317,4,6,325,69,82.49%,17.51%,48.98%,23.35%
39,550,ESCOLA ESTADUAL FRANCISCO ALEXANDRE FERREIRA MENDES,BOA ESPERANÇA,392,194,99,10,8,12,0,0,1,0,0,0,0,0,324,4,6,323,69,82.4%,17.6%,49.49%,25.26%
39,551,ESCOLA ESTADUAL FRANCISCO ALEXANDRE FERREIRA MENDES,BOA ESPERANÇA,394,196,84,8,6,11,1,0,0,0,1,0,0,0,307,4,6,325,69,82.49%,17.51%,49.75%,21.32%
39,552,ESCOLA ESTADUAL FRANCISCO ALEXANDRE FERREIRA MENDES,BOA ESPERANÇA,397,204,89,6,10,5,0,3,0,0,1,0,0,0,318,4,6,327,70,82.37%,17.63%,51.39%,22.42%
39,553,ESCOLA ESTADUAL FRANCISCO ALEXANDRE FERREIRA MENDES,BOA ESPERANÇA,395,183,90,11,6,9,1,0,0,0,0,0,0,0,300,4,6,325,70,82.28%,17.72%,46.33%,22.78%
39,554,ESCOLA ESTADUAL FRANCISCO ALEXANDRE FERREIRA MENDES,BOA ESPERANÇA,396,193,103,8,7,9,0,0,1,0,0,0,0,0,321,4,6,326,70,82.32%,17.68%,48.74%,26.01%
39,555,ESCOLA ESTADUAL FRANCISCO ALEXANDRE FERREIRA MENDES,BOA ESPERANÇA,394,189,105,7,9,10,0,0,0,0,0,1,0,0,321,4,6,325,69,82.49%,17.51%,47.97%,26.65%
39,556,ESCOLA ESTADUAL FRANCISCO ALEXANDRE FERREIRA MENDES,BOA ESPERANÇA,391,193,87,9,10,11,0,1,1,0,0,0,0,0,312,4,6,322,69,82.35%,17.65%,49.36%,22.25%
39,557,ESCOLA ESTADUAL FRANCISCO ALEXANDRE FERREIRA MENDES,BOA ESPERANÇA,397,205,102,7,6,10,3,0,0,0,0,0,0,0,333,4,6,327,70,82.37%,17.63%,51.64%,25.69%
39,558,ESCOLA ESTADUAL FRANCISCO ALEXANDRE FERREIRA MENDES,BOA ESPERANÇA,393,191,97,8,5,10,0,0,0,0,0,0,0,0,311,4,6,324,69,82.44%,17.56%,48.6%,24.68%
39,596,UFMT-BLOCO DO INSTITUTO DE LINGUAGENS,BOA ESPERANÇA,391,170,122,8,8,9,1,1,0,0,0,0,0,0,319,4,6,322,69,82.35%,17.65%,43.48%,31.2%
39,597,UFMT-BLOCO DO INSTITUTO DE LINGUAGENS,BOA ESPERANÇA,392,190,95,16,8,6,3,1,2,0,0,0,0,0,321,4,6,323,69,82.4%,17.6%,48.47%,24.23%
39,598,UFMT-BLOCO DO INSTITUTO DE LINGUAGENS,BOA ESPERANÇA,392,180,102,13,6,1,0,1,0,0,0,0,0,0,303,4,6,323,69,82.4%,17.6%,45.92%,26.02%
39,599,UFMT-BLOCO DO INSTITUTO DE LINGUAGENS,BOA ESPERANÇA,394,184,102,7,9,7,2,2,0,1,0,0,0,0,314,4,6,325,69,82.49%,17.51%,46.7%,25.89%
39,600,UFMT-BLOCO DO INSTITUTO DE LINGUAGENS,BOA ESPERANÇA,393,191,98,5,4,5,1,0,0,0,0,0,0,0,304,4,6,324,69,82.44%,17.56%,48.6%,24.94%
39,601,UFMT-BLOCO DO INSTITUTO DE LINGUAGENS,BOA ESPERANÇA,392,196,98,10,9,7,0,0,2,1,0,0,0,0,323,4,6,323,69,82.4%,17.6%,50.0%,25.0%
39,602,UFMT-BLOCO DO INSTITUTO DE LINGUAGENS,BOA ESPERANÇA,381,165,103,6,6,7,2,0,0,3,0,0,0,0,292,3,6,314,67,82.41%,17.59%,43.31%,27.03%
39,603,UFMT-BLOCO DO INSTITUTO DE LINGUAGENS,BOA ESPERANÇA,389,190,90,17,8,12,3,2,0,0,0,0,0,0,322,4,6,320,69,82.26%,17.74%,48.84%,23.14%
39,604,UFMT-BLOCO DO INSTITUTO DE LINGUAGENS,BOA ESPERANÇA,387,190,95,5,2,6,4,0,0,0,0,0,1,0,303,4,6,319,68,82.43%,17.57%,49.1%,24.55%
39,605,UFMT-BLOCO DO INSTITUTO DE LINGUAGENS,BOA ESPERANÇA,391,183,102,8,8,9,1,0,0,0,0,0,0,0,311,4,6,322,69,82.35%,17.65%,46.8%,26.09%
39,664,UFMT-BLOCO DAS FACULDADES DE ADMINISTRAÇÃO E CIÊNCIAS CONTÁBEIS(FACC),BOA ESPERANÇA,399,211,72,10,6,14,2,0,0,0,0,0,0,0,315,4,6,329,70,82.46%,17.54%,52.88%,18.05%
39,665,UFMT-BLOCO DAS FACULDADES DE ADMINISTRAÇÃO E CIÊNCIAS CONTÁBEIS(FACC),BOA ESPERANÇA,396,210,82,3,8,11,1,1,0,1,0,0,0,0,317,4,6,326,70,82.32%,17.68%,53.03%,20.71%
39,666,UFMT-BLOCO DAS FACULDADES DE ADMINISTRAÇÃO E CIÊNCIAS CONTÁBEIS(FACC),BOA ESPERANÇA,395,196,86,8,5,10,1,0,0,0,0,0,0,0,306,4,6,325,70,82.28%,17.72%,49.62%,21.77%
39,667,UFMT-BLOCO DAS FACULDADES DE ADMINISTRAÇÃO E CIÊNCIAS CONTÁBEIS(FACC),BOA ESPERANÇA,393,209,75,6,12,8,3,0,0,0,0,0,0,0,313,4,6,324,69,82.44%,17.56%,53.18%,19.08%
39,668,UFMT-BLOCO DAS FACULDADES DE ADMINISTRAÇÃO E CIÊNCIAS CONTÁBEIS(FACC),BOA ESPERANÇA,392,210,77,10,8,10,3,1,1,0,0,0,0,0,320,4,6,323,69,82.4%,17.6%,53.57%,19.64%
39,669,UFMT-BLOCO DAS FACULDADES DE ADMINISTRAÇÃO E CIÊNCIAS CONTÁBEIS(FACC),BOA ESPERANÇA,394,207,72,6,9,13,3,1,0,0,0,0,0,0,311,4,6,325,69,82.49%,17.51%,52.54%,18.27%
39,670,UFMT-BLOCO DAS FACULDADES DE ADMINISTRAÇÃO E CIÊNCIAS CONTÁBEIS(FACC),BOA ESPERANÇA,398,200,88,10,9,7,0,0,0,1,0,0,0,0,315,4,6,328,70,82.41%,17.59%,50.25%,22.11%
39,671,UFMT-BLOCO DAS FACULDADES DE ADMINISTRAÇÃO E CIÊNCIAS CONTÁBEIS(FACC),BOA ESPERANÇA,397,212,69,4,12,10,0,1,1,0,0,0,0,0,309,4,6,327,70,82.37%,17.63%,53.4%,17.38%
39,672,UFMT-BLOCO DAS FACULDADES DE ADMINISTRAÇÃO E CIÊNCIAS CONTÁBEIS(FACC),BOA ESPERANÇA,392,190,90,5,6,11,4,1,1,2,0,0,0,0,310,4,6,323,69,82.4%,17.6%,48.47%,22.96%
39,673,UFMT-BLOCO DAS FACULDADES DE ADMINISTRAÇÃO E CIÊNCIAS CONTÁBEIS(FACC),BOA ESPERANÇA,399,210,83,8,3,10,0,0,2,0,0,0,0,0,316,4,6,329,70,82.46%,17.54%,52.63%,20.8%
39,696,UFMT-BLOCO DO INSTITUTO DE LINGUAGENS,BOA ESPERANÇA,392,177,92,10,14,5,4,0,1,0,0,0,0,0,303,4,6,323,69,82.4%,17.6%,45.15%,23.47%
39,702,FACULDADE DE DIREITO - UNIVERSIDADE FEDERAL DE MATO GROSSO,BOA ESPERANÇA,396,197,94,12,9,9,3,0,1,0,0,0,0,0,325,4,6,326,70,82.32%,17.68%,49.75%,23.74%
39,704,ESCOLA ESTADUAL FRANCISCO ALEXANDRE FERREIRA MENDES,BOA ESPERANÇA,396,201,85,5,6,12,0,0,1,0,0,0,0,0,310,4,6,326,70,82.32%,17.68%,50.76%,21.46%
39,709,FACULDADE DE DIREITO - UNIVERSIDADE FEDERAL DE MATO GROSSO,BOA ESPERANÇA,396,189,90,5,10,10,4,0,0,0,0,0,0,0,308,4,6,326,70,82.32%,17.68%,47.73%,22.73%
39,713,FACULDADE DE DIREITO - UNIVERSIDADE FEDERAL DE MATO GROSSO,BOA ESPERANÇA,396,206,92,7,6,8,1,0,1,0,1,0,1,0,323,4,6,326,70,82.32%,17.68%,52.02%,23.23%
39,721,FACULDADE DE DIREITO - UNIVERSIDADE FEDERAL DE MATO GROSSO,BOA ESPERANÇA,394,165,110,8,6,10,1,0,2,0,0,0,0,0,302,4,6,325,69,82.49%,17.51%,41.88%,27.92%
39,724,FACULDADE DE DIREITO - UNIVERSIDADE FEDERAL DE MATO GROSSO,BOA ESPERANÇA,397,149,120,13,3,16,3,0,2,0,0,0,0,0,306,4,6,327,70,82.37%,17.63%,37.53%,30.23%
39,728,FACULDADE DE DIREITO - UNIVERSIDADE FEDERAL DE MATO GROSSO,BOA ESPERANÇA,396,145,120,5,5,20,3,0,0,0,2,0,0,0,300,4,6,326,70,82.32%,17.68%,36.62%,30.3%
39,735,FACULDADE DE DIREITO - UNIVERSIDADE FEDERAL DE MATO GROSSO,BOA ESPERANÇA,395,144,133,16,11,14,0,0,2,0,0,0,0,0,320,4,6,325,70,82.28%,17.72%,36.46%,33.67%
39,465,ESCOLA MUNICIPAL DE EDUCAÇÃO BÁSICA FILOGONIO CORREA,CAMPO VELHO,268,119,85,7,6,4,0,0,0,0,0,0,0,0,221,2,4,221,47,82.46%,17.54%,44.4%,31.72%
39,466,ESCOLA MUNICIPAL DE EDUCAÇÃO BÁSICA FILOGONIO CORREA,CAMPO VELHO,265,134,67,7,6,4,0,1,0,0,0,0,0,0,219,2,4,218,47,82.26%,17.74%,50.57%,25.28%
39,467,ESCOLA MUNICIPAL DE EDUCAÇÃO BÁSICA FILOGONIO CORREA,CAMPO VELHO,264,119,70,9,5,7,0,0,0,0,0,0,0,0,210,2,4,217,47,82.2%,17.8%,45.08%,26.52%
39,468,ESCOLA MUNICIPAL DE EDUCAÇÃO BÁSICA FILOGONIO CORREA,CAMPO VELHO,265,126,69,7,5,3,0,0,0,0,0,0,0,0,210,2,4,218,47,82.26%,17.74%,47.55%,26.04%
39,469,ESCOLA MUNICIPAL DE EDUCAÇÃO BÁSICA FILOGONIO CORREA,CAMPO VELHO,261,126,72,12,4,2,0,0,0,0,0,0,0,0,216,2,4,215,46,82.38%,17.62%,48.28%,27.59%
39,470,ESCOLA MUNICIPAL DE EDUCAÇÃO BÁSICA FILOGONIO CORREA,CAMPO VELHO,257,130,74,4,3,4,0,0,0,0,0,0,0,0,215,2,4,212,45,82.49%,17.51%,50.58%,28.79%
51,319,ESCOLA MUNICIPAL ELZA LUÍZA ESTEVES,CANJICA,388,168,103,9,13,10,0,0,1,0,0,0,0,0,304,4,6,317,71,81.7%,18.3%,43.3%,26.55%
51,320,ESCOLA MUNICIPAL ELZA LUÍZA ESTEVES,CANJICA,391,176,107,9,10,10,2,0,0,0,0,0,0,0,314,4,6,319,72,81.59%,18.41%,45.01%,27.37%
51,321,ESCOLA MUNICIPAL ELZA LUÍZA ESTEVES,CANJICA,398,177,97,12,11,10,5,1,2,0,0,0,0,0,315,4,7,325,73,81.66%,18.34%,44.47%,24.37%
51,322,ESCOLA MUNICIPAL ELZA LUÍZA ESTEVES,CANJICA,384,197,82,17,7,4,0,0,0,0,0,0,0,0,307,4,6,314,70,81.77%,18.23%,51.3%,21.35%
51,323,ESCOLA MUNICIPAL ELZA LUÍZA ESTEVES,CANJICA,393,199,103,2,8,11,0,0,0,0,1,0,0,0,324,4,6,321,72,81.68%,18.32%,50.64%,26.21%
51,324,ESCOLA MUNICIPAL ELZA LUÍZA ESTEVES,CANJICA,392,182,87,9,4,7,0,3,0,0,0,0,0,0,292,4,6,320,72,81.63%,18.37%,46.43%,22.19%
51,325,ESCOLA MUNICIPAL ELZA LUÍZA ESTEVES,CANJICA,394,202,85,14,7,9,1,0,0,0,0,0,0,1,319,4,6,322,72,81.73%,18.27%,51.27%,21.57%
51,326,ESCOLA MUNICIPAL ELZA LUÍZA ESTEVES,CANJICA,396,208,75,8,4,12,1,0,1,0,0,0,1,0,310,4,7,323,73,81.57%,18.43%,52.53%,18.94%
51,327,ESCOLA MUNICIPAL ELZA LUÍZA ESTEVES,CANJICA,387,187,105,9,6,6,2,1,0,0,0,0,0,0,316,4,6,316,71,81.65%,18.35%,48.32%,27.13%
51,328,ESCOLA MUNICIPAL ELZA LUÍZA ESTEVES,CANJICA,389,180,94,13,5,8,3,0,0,0,0,0,0,0,303,4,6,318,71,81.75%,18.25%,46.27%,24.16%
51,329,ESCOLA MUNICIPAL QUINTINO PEREIRA DE FREITAS,CANJICA,386,188,91,11,7,10,0,2,0,0,0,0,0,0,309,4,6,315,71,81.61%,18.39%,48.7%,23.58%
51,330,ESCOLA MUNICIPAL QUINTINO PEREIRA DE FREITAS,CANJICA,378,183,96,8,4,7,0,0,0,1,0,0,2,0,301,4,6,309,69,81.75%,18.25%,48.41%,25.4%
51,331,ESCOLA MUNICIPAL QUINTINO PEREIRA DE FREITAS,CANJICA,380,174,88,14,10,8,2,0,1,0,0,0,0,0,297,4,6,310,70,81.58%,18.42%,45.79%,23.16%
51,332,ESCOLA MUNICIPAL QUINTINO PEREIRA DE FREITAS,CANJICA,386,156,110,15,8,6,1,0,0,0,0,0,0,0,296,4,6,315,71,81.61%,18.39%,40.41%,28.5%
51,333,ESCOLA MUNICIPAL QUINTINO PEREIRA DE FREITAS,CANJICA,385,185,87,12,8,4,1,0,0,0,0,0,0,0,297,4,6,315,70,81.82%,18.18%,48.05%,22.6%
51,334,ESCOLA MUNICIPAL QUINTINO PEREIRA DE FREITAS,CANJICA,392,184,89,14,7,7,1,1,0,0,0,0,0,0,303,4,6,320,72,81.63%,18.37%,46.94%,22.7%
51,346,ESCOLA MUNICIPAL QUINTINO PEREIRA DE FREITAS,CANJICA,382,193,76,7,4,9,2,1,0,0,0,0,0,0,292,4,6,312,70,81.68%,18.32%,50.52%,19.9%
51,383,ESCOLA MUNICIPAL QUINTINO PEREIRA DE FREITAS,CANJICA,242,121,83,6,6,2,1,0,0,0,0,0,0,0,219,3,4,198,44,81.82%,18.18%,50.0%,34.3%
51,155,ESCOLA MUNICIPAL PROFESSORA GUILHERMINA DE FIGUEIREDO,CARUMBÉ,381,159,121,5,3,8,0,0,0,0,0,0,0,0,296,4,6,311,70,81.63%,18.37%,41.73%,31.76%
51,156,ESCOLA MUNICIPAL PROFESSORA GUILHERMINA DE FIGUEIREDO,CARUMBÉ,386,161,129,9,7,6,0,1,0,0,1,1,1,0,316,4,6,315,71,81.61%,18.39%,41.71%,33.42%
51,157,ESCOLA MUNICIPAL PROFESSORA GUILHERMINA DE FIGUEIREDO,CARUMBÉ,379,154,128,9,6,6,4,0,0,0,0,0,0,0,307,4,6,310,69,81.79%,18.21%,40.63%,33.77%
51,158,ESCOLA MUNICIPAL PROFESSORA GUILHERMINA DE FIGUEIREDO,CARUMBÉ,384,165,132,7,6,6,1,0,0,0,0,0,0,0,317,4,6,314,70,81.77%,18.23%,42.97%,34.38%
51,159,ESCOLA MUNICIPAL PROFESSORA GUILHERMINA DE FIGUEIREDO,CARUMBÉ,384,161,102,10,8,3,1,0,0,0,0,0,0,0,285,4,6,314,70,81.77%,18.23%,41.93%,26.56%
51,161,ESCOLA MUNICIPAL PROFESSORA GUILHERMINA DE FIGUEIREDO,CARUMBÉ,384,160,122,4,5,6,0,1,1,0,0,0,0,0,299,4,6,314,70,81.77%,18.23%,41.67%,31.77%
51,162,ESCOLA MUNICIPAL PROFESSORA GUILHERMINA DE FIGUEIREDO,CARUMBÉ,377,178,106,13,5,6,0,0,0,0,0,0,0,0,308,4,6,308,69,81.7%,18.3%,47.21%,28.12%
51,273,ESCOLA MUNICIPAL PROFESSORA GUILHERMINA DE FIGUEIREDO,CARUMBÉ,376,154,107,8,8,11,0,0,1,0,0,0,0,0,289,4,6,307,69,81.65%,18.35%,40.96%,28.46%
51,381,ESCOLA MUNICIPAL PROFESSORA GUILHERMINA DE FIGUEIREDO,CARUMBÉ,169,83,56,5,0,7,0,0,1,0,0,0,0,0,152,2,3,138,31,81.66%,18.34%,49.11%,33.14%
1,147,"INSTITUTO FEDERAL DE EDUCAÇÃO, CIÊNCIA E TECNOL DE MT (ESCOLA TÉCNICA)",CENTRO,154,91,39,4,3,3,0,1,0,0,0,0,0,0,141,1,2,127,27,82.47%,17.53%,59.09%,25.32%
1,149,"INSTITUTO FEDERAL DE EDUCAÇÃO, CIÊNCIA E TECNOL DE MT (ESCOLA TÉCNICA)",CENTRO,153,0,0,0,0,0,0,0,0,0,0,0,0,0,0,1,2,126,27,82.35%,17.65%,0.0%,0.0%
1,150,"INSTITUTO FEDERAL DE EDUCAÇÃO, CIÊNCIA E TECNOL DE MT (ESCOLA TÉCNICA)",CENTRO,156,159,81,5,7,7,1,1,0,0,0,0,0,0,261,1,2,129,27,82.69%,17.31%,101.92%,51.92%
1,154,INSS - SUPERINTENDÊNCIA,CENTRO,112,196,53,5,6,4,1,4,0,0,0,0,0,0,269,1,1,93,19,83.04%,16.96%,175.0%,47.32%
1,156,"INSTITUTO FEDERAL DE EDUCAÇÃO, CIÊNCIA E TECNOL DE MT (ESCOLA TÉCNICA)",CENTRO,157,154,61,7,4,7,0,0,1,0,0,0,0,0,234,1,2,130,27,82.8%,17.2%,98.09%,38.85%
1,157,"INSTITUTO FEDERAL DE EDUCAÇÃO, CIÊNCIA E TECNOL DE MT (ESCOLA TÉCNICA)",CENTRO,157,172,54,6,8,8,1,2,1,0,0,1,0,0,253,1,2,130,27,82.8%,17.2%,109.55%,34.39%
1,158,"INSTITUTO FEDERAL DE EDUCAÇÃO, CIÊNCIA E TECNOL DE MT (ESCOLA TÉCNICA)",CENTRO,158,176,69,7,3,5,0,1,0,0,0,0,0,0,261,1,2,131,27,82.91%,17.09%,111.39%,43.67%
1,159,"INSTITUTO FEDERAL DE EDUCAÇÃO, CIÊNCIA E TECNOL DE MT (ESCOLA TÉCNICA)",CENTRO,157,153,64,5,5,8,4,1,1,0,0,0,0,0,241,1,2,130,27,82.8%,17.2%,97.45%,40.76%
1,160,"INSTITUTO FEDERAL DE EDUCAÇÃO, CIÊNCIA E TECNOL DE MT (ESCOLA TÉCNICA)",CENTRO,154,170,59,2,5,4,0,0,0,0,0,0,0,0,240,1,2,127,27,82.47%,17.53%,110.39%,38.31%
1,161,"INSTITUTO FEDERAL DE EDUCAÇÃO, CIÊNCIA E TECNOL DE MT (ESCOLA TÉCNICA)",CENTRO,156,0,0,0,0,0,0,0,0,0,0,0,0,0,0,1,2,129,27,82.69%,17.31%,0.0%,0.0%
1,166,ESCOLA ESTADUAL LICEU CUIABANO,CENTRO,392,212,92,6,5,7,3,3,0,0,0,0,1,0,329,3,5,324,68,82.65%,17.35%,54.08%,23.47%
1,169,"INSTITUTO FEDERAL DE EDUCAÇÃO, CIÊNCIA E TECNOL DE MT (ESCOLA TÉCNICA)",CENTRO,155,170,76,6,4,5,0,2,0,0,0,0,0,0,263,1,2,128,27,82.58%,17.42%,109.68%,49.03%
1,170,"INSTITUTO FEDERAL DE EDUCAÇÃO, CIÊNCIA E TECNOL DE MT (ESCOLA TÉCNICA)",CENTRO,158,0,0,0,0,0,0,0,0,0,0,0,0,0,0,1,2,131,27,82.91%,17.09%,0.0%,0.0%
1,172,"INSTITUTO FEDERAL DE EDUCAÇÃO, CIÊNCIA E TECNOL DE MT (ESCOLA TÉCNICA)",CENTRO,156,160,73,6,5,7,2,1,0,0,0,0,0,0,254,1,2,129,27,82.69%,17.31%,102.56%,46.79%
1,174,INSS - SUPERINTENDÊNCIA,CENTRO,112,175,81,3,6,5,1,0,0,0,0,0,0,0,271,1,1,93,19,83.04%,16.96%,156.25%,72.32%
1,175,INSS - SUPERINTENDÊNCIA,CENTRO,116,0,0,0,0,0,0,0,0,0,0,0,0,0,0,1,2,96,20,82.76%,17.24%,0.0%,0.0%
1,176,"INSTITUTO FEDERAL DE EDUCAÇÃO, CIÊNCIA E TECNOL DE MT (ESCOLA TÉCNICA)",CENTRO,153,0,0,0,0,0,0,0,0,0,0,0,0,0,0,1,2,126,27,82.35%,17.65%,0.0%,0.0%
1,178,"INSTITUTO FEDERAL DE EDUCAÇÃO, CIÊNCIA E TECNOL DE MT (ESCOLA TÉCNICA)",CENTRO,157,0,0,0,0,0,0,0,0,0,0,0,0,0,0,1,2,130,27,82.8%,17.2%,0.0%,0.0%
1,179,"INSTITUTO FEDERAL DE EDUCAÇÃO, CIÊNCIA E TECNOL DE MT (ESCOLA TÉCNICA)",CENTRO,154,166,77,0,11,3,0,1,2,0,0,0,0,0,260,1,2,127,27,82.47%,17.53%,107.79%,50.0%
1,180,"INSTITUTO FEDERAL DE EDUCAÇÃO, CIÊNCIA E TECNOL DE MT (ESCOLA TÉCNICA)",CENTRO,154,163,72,7,5,5,1,2,0,0,0,0,0,0,255,1,2,127,27,82.47%,17.53%,105.84%,46.75%
1,181,"INSTITUTO FEDERAL DE EDUCAÇÃO, CIÊNCIA E TECNOL DE MT (ESCOLA TÉCNICA)",CENTRO,155,164,67,1,9,4,0,0,0,0,0,0,0,0,245,1,2,128,27,82.58%,17.42%,105.81%,43.23%
1,182,INSS - SUPERINTENDÊNCIA,CENTRO,115,0,0,0,0,0,0,0,0,0,0,0,0,0,0,1,2,95,20,82.61%,17.39%,0.0%,0.0%
1,183,INSS - SUPERINTENDÊNCIA,CENTRO,115,0,0,0,0,0,0,0,0,0,0,0,0,0,0,1,2,95,20,82.61%,17.39%,0.0%,0.0%
1,185,INSS - SUPERINTENDÊNCIA,CENTRO,114,177,75,4,3,5,1,1,2,0,0,0,0,0,268,1,2,94,20,82.46%,17.54%,155.26%,65.79%
1,186,INSS - SUPERINTENDÊNCIA,CENTRO,114,0,0,0,0,0,0,0,0,0,0,0,0,0,0,1,2,94,20,82.46%,17.54%,0.0%,0.0%
1,187,"INSTITUTO FEDERAL DE EDUCAÇÃO, CIÊNCIA E TECNOL DE MT (ESCOLA TÉCNICA)",CENTRO,154,0,0,0,0,0,0,0,0,0,0,0,0,0,0,1,2,127,27,82.47%,17.53%,0.0%,0.0%
1,189,"INSTITUTO FEDERAL DE EDUCAÇÃO, CIÊNCIA E TECNOL DE MT (ESCOLA TÉCNICA)",CENTRO,155,0,0,0,0,0,0,0,0,0,0,0,0,0,0,1,2,128,27,82.58%,17.42%,0.0%,0.0%
1,191,"INSTITUTO FEDERAL DE EDUCAÇÃO, CIÊNCIA E TECNOL DE MT (ESCOLA TÉCNICA)",CENTRO,154,0,0,0,0,0,0,0,0,0,0,0,0,0,0,1,2,127,27,82.47%,17.53%,0.0%,0.0%
1,192,"INSTITUTO FEDERAL DE EDUCAÇÃO, CIÊNCIA E TECNOL DE MT (ESCOLA TÉCNICA)",CENTRO,156,0,0,0,0,0,0,0,0,0,0,0,0,0,0,1,2,129,27,82.69%,17.31%,0.0%,0.0%
1,202,ESCOLA ESTADUAL LICEU CUIABANO,CENTRO,391,205,76,9,7,5,2,1,0,0,0,0,0,0,305,3,5,323,68,82.61%,17.39%,52.43%,19.44%
1,203,ESCOLA ESTADUAL LICEU CUIABANO,CENTRO,390,185,76,16,9,8,3,1,3,0,0,0,0,0,301,3,5,322,68,82.56%,17.44%,47.44%,19.49%
1,499,INSS - SUPERINTENDÊNCIA,CENTRO,114,0,0,0,0,0,0,0,0,0,0,0,0,0,0,1,2,94,20,82.46%,17.54%,0.0%,0.0%
1,511,ESCOLA ESTADUAL LICEU CUIABANO,CENTRO,394,204,70,9,9,7,1,0,2,0,0,0,0,0,302,3,5,326,68,82.74%,17.26%,51.78%,17.77%
1,512,ESCOLA ESTADUAL LICEU CUIABANO,CENTRO,390,195,82,3,5,8,2,0,1,0,0,0,1,0,297,3,5,322,68,82.56%,17.44%,50.0%,21.03%
1,513,ESCOLA ESTADUAL LICEU CUIABANO,CENTRO,392,214,76,5,3,10,3,0,0,0,0,0,1,0,312,3,5,324,68,82.65%,17.35%,54.59%,19.39%
1,720,"INSTITUTO FEDERAL DE EDUCAÇÃO, CIÊNCIA E TECNOL DE MT (ESCOLA TÉCNICA)",CENTRO,155,0,0,0,0,0,0,0,0,0,0,0,0,0,0,1,2,128,27,82.58%,17.42%,0.0%,0.0%
1,813,"INSTITUTO FEDERAL DE EDUCAÇÃO, CIÊNCIA E TECNOL DE MT (ESCOLA TÉCNICA)",CENTRO,156,0,0,0,0,0,0,0,0,0,0,0,0,0,0,1,2,129,27,82.69%,17.31%,0.0%,0.0%
1,819,ESCOLA ESTADUAL LICEU CUIABANO,CENTRO,387,215,69,12,3,6,0,2,1,0,0,0,0,0,308,3,5,320,67,82.69%,17.31%,55.56%,17.83%
1,841,CDL - CÂMARA DE DIRIGENTES LOJISTAS DE CUIABÁ - MT,CENTRO,398,213,68,7,9,11,0,0,1,0,0,0,0,0,309,3,5,329,69,82.66%,17.34%,53.52%,17.09%
1,843,CDL - CÂMARA DE DIRIGENTES LOJISTAS DE CUIABÁ - MT,CENTRO,389,199,79,6,5,7,3,2,2,0,0,0,0,0,303,3,5,321,68,82.52%,17.48%,51.16%,20.31%
1,844,CDL - CÂMARA DE DIRIGENTES LOJISTAS DE CUIABÁ - MT,CENTRO,394,209,75,2,4,4,1,2,2,0,0,0,0,0,299,3,5,326,68,82.74%,17.26%,53.05%,19.04%
1,847,INSS - SUPERINTENDÊNCIA,CENTRO,113,0,0,0,0,0,0,0,0,0,0,0,0,0,0,1,2,93,20,82.3%,17.7%,0.0%,0.0%
1,924,"INSTITUTO FEDERAL DE EDUCAÇÃO, CIÊNCIA E TECNOL DE MT (ESCOLA TÉCNICA)",CENTRO,157,0,0,0,0,0,0,0,0,0,0,0,0,0,0,1,2,130,27,82.8%,17.2%,0.0%,0.0%
1,1170,CDL - CÂMARA DE DIRIGENTES LOJISTAS DE CUIABÁ - MT,CENTRO,384,188,76,7,5,8,1,1,0,0,0,0,0,0,286,3,5,317,67,82.55%,17.45%,48.96%,19.79%
1,1184,"INSTITUTO FEDERAL DE EDUCAÇÃO, CIÊNCIA E TECNOL DE MT (ESCOLA TÉCNICA)",CENTRO,153,153,64,4,8,5,0,4,0,0,0,0,0,0,238,1,2,126,27,82.35%,17.65%,100.0%,41.83%
51,307,CRECHE MUN. NÉVIO LOTUFO,CENTRO AMÉRICA,335,158,91,8,7,8,1,0,1,0,0,0,0,0,274,3,6,274,61,81.79%,18.21%,47.16%,27.16%
51,336,CRECHE MUN. NÉVIO LOTUFO,CENTRO AMÉRICA,336,163,82,10,6,4,1,1,0,0,0,0,0,0,267,3,6,274,62,81.55%,18.45%,48.51%,24.4%
51,352,CRECHE MUN. NÉVIO LOTUFO,CENTRO AMÉRICA,335,151,80,10,3,5,2,0,0,0,0,0,0,0,251,3,6,274,61,81.79%,18.21%,45.07%,23.88%
51,358,CRECHE MUN. NÉVIO LOTUFO,CENTRO AMÉRICA,328,140,80,9,6,9,2,0,0,0,0,0,0,0,246,3,5,268,60,81.71%,18.29%,42.68%,24.39%
51,384,CRECHE MUN. NÉVIO LOTUFO,CENTRO AMÉRICA,85,47,35,5,1,1,1,0,0,0,0,0,0,0,90,1,1,69,16,81.18%,18.82%,55.29%,41.18%
1,1021,APAE - ASSOCIAÇÃO DE PAIS E AMIGOS DOS EXCEPCIONAIS CUIABÁ - MT,CENTRO SUL,247,132,54,5,5,6,0,2,0,0,0,0,0,0,204,2,3,204,43,82.59%,17.41%,53.44%,21.86%
1,1022,APAE - ASSOCIAÇÃO DE PAIS E AMIGOS DOS EXCEPCIONAIS CUIABÁ - MT,CENTRO SUL,248,128,47,3,8,4,0,2,0,0,0,0,0,0,192,2,3,205,43,82.66%,17.34%,51.61%,18.95%
1,1023,APAE - ASSOCIAÇÃO DE PAIS E AMIGOS DOS EXCEPCIONAIS CUIABÁ - MT,CENTRO SUL,246,116,47,8,6,5,1,1,0,0,0,0,0,0,184,2,3,203,43,82.52%,17.48%,47.15%,19.11%
1,1085,APAE - ASSOCIAÇÃO DE PAIS E AMIGOS DOS EXCEPCIONAIS CUIABÁ - MT,CENTRO SUL,248,121,60,1,2,3,4,1,1,0,0,0,0,0,193,2,3,205,43,82.66%,17.34%,48.79%,24.19%
1,1086,APAE - ASSOCIAÇÃO DE PAIS E AMIGOS DOS EXCEPCIONAIS CUIABÁ - MT,CENTRO SUL,249,121,62,1,1,6,0,0,1,0,0,0,0,0,192,2,3,206,43,82.73%,17.27%,48.59%,24.9%
1,1176,APAE - ASSOCIAÇÃO DE PAIS E AMIGOS DOS EXCEPCIONAIS CUIABÁ - MT,CENTRO SUL,244,112,56,6,7,6,0,0,2,0,0,0,0,0,189,2,3,202,42,82.79%,17.21%,45.9%,22.95%
1,1028,EMEB SAO JOAO BOSCO,CIDADE ALTA,278,162,102,6,5,8,0,1,0,0,0,0,0,0,284,2,4,230,48,82.73%,17.27%,58.27%,36.69%
1,1029,EMEB SAO JOAO BOSCO,CIDADE ALTA,281,150,61,7,7,2,1,0,0,0,0,0,1,0,229,2,4,232,49,82.56%,17.44%,53.38%,21.71%
1,1030,EMEB SAO JOAO BOSCO,CIDADE ALTA,281,145,63,8,3,4,1,2,2,0,0,0,0,0,228,2,4,232,49,82.56%,17.44%,51.6%,22.42%
1,1060,ESCOLA ESTADUAL DE 1 E 2 GRAUS ALINA TOCANTINS,CIDADE ALTA,308,149,89,9,6,4,1,0,1,0,0,0,0,0,259,2,4,254,54,82.47%,17.53%,48.38%,28.9%
1,1061,ESCOLA ESTADUAL DE 1 E 2 GRAUS ALINA TOCANTINS,CIDADE ALTA,309,140,96,4,4,3,2,1,0,0,0,0,0,0,250,3,4,255,54,82.52%,17.48%,45.31%,31.07%
1,1062,ESCOLA ESTADUAL DE 1 E 2 GRAUS ALINA TOCANTINS,CIDADE ALTA,304,162,79,3,3,4,0,0,0,0,0,0,0,0,251,2,4,251,53,82.57%,17.43%,53.29%,25.99%
1,1063,ESCOLA ESTADUAL DE 1 E 2 GRAUS ALINA TOCANTINS,CIDADE ALTA,303,138,73,5,6,9,0,0,1,0,1,0,0,0,233,2,4,250,53,82.51%,17.49%,45.54%,24.09%
1,1064,ESCOLA ESTADUAL DE 1 E 2 GRAUS ALINA TOCANTINS,CIDADE ALTA,307,133,90,10,4,4,0,0,0,0,0,0,0,0,241,2,4,254,53,82.74%,17.26%,43.32%,29.32%
1,1065,ESCOLA ESTADUAL DE 1 E 2 GRAUS ALINA TOCANTINS,CIDADE ALTA,306,149,84,5,4,9,0,0,0,0,0,0,0,0,251,2,4,253,53,82.68%,17.32%,48.69%,27.45%
1,1066,ESCOLA ESTADUAL DE 1 E 2 GRAUS ALINA TOCANTINS,CIDADE ALTA,307,148,90,4,4,3,2,1,0,0,0,0,0,0,252,2,4,254,53,82.74%,17.26%,48.21%,29.32%
1,1067,ESCOLA ESTADUAL DE 1 E 2 GRAUS ALINA TOCANTINS,CIDADE ALTA,301,145,78,14,3,9,0,0,0,0,0,0,0,0,249,2,4,249,52,82.72%,17.28%,48.17%,25.91%
1,1068,ESCOLA ESTADUAL DE 1 E 2 GRAUS ALINA TOCANTINS,CIDADE ALTA,302,140,85,2,3,6,1,2,1,0,0,0,0,0,240,2,4,250,52,82.78%,17.22%,46.36%,28.15%
1,1069,ESCOLA ESTADUAL DE 1 E 2 GRAUS ALINA TOCANTINS,CIDADE ALTA,303,149,78,5,5,5,0,0,1,0,0,0,0,0,243,2,4,250,53,82.51%,17.49%,49.17%,25.74%
1,1186,EMEB SAO JOAO BOSCO,CIDADE ALTA,55,0,0,0,0,0,0,0,0,0,0,0,0,0,0,0,1,45,10,81.82%,18.18%,0.0%,0.0%
1,1078,ESCOLA ESTADUAL AUREOLINA EUSTÁCIA RIBEIRO,CIDADE VERDE,297,141,90,13,4,6,0,0,0,0,0,0,0,0,254,2,4,245,52,82.49%,17.51%,47.47%,30.3%
1,1079,ESCOLA ESTADUAL AUREOLINA EUSTÁCIA RIBEIRO,CIDADE VERDE,298,144,89,4,10,3,1,0,1,0,0,0,0,0,252,2,4,246,52,82.55%,17.45%,48.32%,29.87%
1,1080,ESCOLA ESTADUAL AUREOLINA EUSTÁCIA RIBEIRO,CIDADE VERDE,295,137,83,8,5,6,0,1,0,0,0,0,0,0,240,2,4,244,51,82.71%,17.29%,46.44%,28.14%
1,1081,ESCOLA ESTADUAL AUREOLINA EUSTÁCIA RIBEIRO,CIDADE VERDE,296,142,86,4,8,10,1,3,0,0,0,0,0,0,254,2,4,245,51,82.77%,17.23%,47.97%,29.05%
1,1082,ESCOLA ESTADUAL AUREOLINA EUSTÁCIA RIBEIRO,CIDADE VERDE,300,143,75,6,4,6,0,1,2,0,0,0,0,0,237,2,4,248,52,82.67%,17.33%,47.67%,25.0%
1,1083,ESCOLA ESTADUAL AUREOLINA EUSTÁCIA RIBEIRO,CIDADE VERDE,297,140,77,7,4,8,1,0,0,0,0,0,0,0,237,2,4,245,52,82.49%,17.51%,47.14%,25.93%
1,1084,ESCOLA ESTADUAL AUREOLINA EUSTÁCIA RIBEIRO,CIDADE VERDE,292,154,74,8,8,5,1,0,0,0,0,0,0,0,250,2,4,241,51,82.53%,17.47%,52.74%,25.34%
55,337,EMEB HERBERT DE SOUZA,CINTURÃO VERDE,91,40,35,0,1,0,0,1,0,0,0,0,0,0,77,1,2,73,18,80.22%,19.78%,43.96%,38.46%
55,161,ESCOLA ESTADUAL HISTORIADOR RUBENS DE MENDONÇA,COHAB SÃO GONÇALO,379,170,112,7,10,8,0,0,0,0,0,0,0,0,307,4,7,306,73,80.74%,19.26%,44.85%,29.55%
55,162,ESCOLA ESTADUAL HISTORIADOR RUBENS DE MENDONÇA,COHAB SÃO GONÇALO,382,174,109,5,5,4,1,0,1,0,0,0,0,0,299,4,7,308,74,80.63%,19.37%,45.55%,28.53%
55,163,ESCOLA ESTADUAL HISTORIADOR RUBENS DE MENDONÇA,COHAB SÃO GONÇALO,384,156,123,8,7,4,1,0,2,0,0,1,0,1,303,4,7,310,74,80.73%,19.27%,40.62%,32.03%
55,164,ESCOLA ESTADUAL HISTORIADOR RUBENS DE MENDONÇA,COHAB SÃO GONÇALO,382,164,107,15,3,8,0,1,1,0,0,0,0,0,299,4,7,308,74,80.63%,19.37%,42.93%,28.01%
55,165,ESCOLA ESTADUAL HISTORIADOR RUBENS DE MENDONÇA,COHAB SÃO GONÇALO,377,171,106,9,7,8,0,0,0,0,0,0,0,0,301,4,7,304,73,80.64%,19.36%,45.36%,28.12%
55,166,ESCOLA ESTADUAL HISTORIADOR RUBENS DE MENDONÇA,COHAB SÃO GONÇALO,384,193,98,4,4,4,0,0,0,0,0,0,0,0,303,4,7,310,74,80.73%,19.27%,50.26%,25.52%
55,167,ESCOLA ESTADUAL HISTORIADOR RUBENS DE MENDONÇA,COHAB SÃO GONÇALO,375,161,113,8,8,6,0,0,2,0,0,0,0,1,299,4,7,302,73,80.53%,19.47%,42.93%,30.13%
55,168,ESCOLA ESTADUAL HISTORIADOR RUBENS DE MENDONÇA,COHAB SÃO GONÇALO,379,188,105,8,2,2,1,2,1,0,0,0,0,0,309,4,7,306,73,80.74%,19.26%,49.6%,27.7%
55,169,ESCOLA ESTADUAL HISTORIADOR RUBENS DE MENDONÇA,COHAB SÃO GONÇALO,380,171,111,13,5,3,1,0,0,0,0,0,0,0,304,4,7,306,74,80.53%,19.47%,45.0%,29.21%
55,170,ESCOLA ESTADUAL HISTORIADOR RUBENS DE MENDONÇA,COHAB SÃO GONÇALO,376,174,102,9,7,6,0,0,0,0,0,0,0,0,298,4,7,303,73,80.59%,19.41%,46.28%,27.13%
55,171,ESCOLA ESTADUAL HISTORIADOR RUBENS DE MENDONÇA,COHAB SÃO GONÇALO,376,164,110,6,8,8,1,1,0,0,0,0,0,0,298,4,7,303,73,80.59%,19.41%,43.62%,29.26%
55,172,ESCOLA ESTADUAL HISTORIADOR RUBENS DE MENDONÇA,COHAB SÃO GONÇALO,380,171,113,6,5,12,1,0,2,0,1,0,0,0,311,4,7,306,74,80.53%,19.47%,45.0%,29.74%
55,251,ESCOLA ESTADUAL HISTORIADOR RUBENS DE MENDONÇA,COHAB SÃO GONÇALO,375,178,89,11,8,9,0,1,1,0,0,0,0,0,297,4,7,302,73,80.53%,19.47%,47.47%,23.73%
1,1088,ESCOLA MUNICIPAL DE EDUCAÇÃO BÁSICA PROFESSOR FRANCISVAL DE BRITO,COOPHAMIL,324,181,73,13,4,11,0,1,0,0,0,0,0,0,283,3,4,268,56,82.72%,17.28%,55.86%,22.53%
1,1089,ESCOLA MUNICIPAL DE EDUCAÇÃO BÁSICA PROFESSOR FRANCISVAL DE BRITO,COOPHAMIL,327,182,65,9,4,5,0,1,0,0,0,0,0,0,266,3,4,270,57,82.57%,17.43%,55.66%,19.88%
1,1090,ESCOLA MUNICIPAL DE EDUCAÇÃO BÁSICA PROFESSOR FRANCISVAL DE BRITO,COOPHAMIL,324,177,72,9,7,10,0,1,1,0,0,0,0,0,277,3,4,268,56,82.72%,17.28%,54.63%,22.22%
1,1091,ESCOLA MUNICIPAL DE EDUCAÇÃO BÁSICA PROFESSOR FRANCISVAL DE BRITO,COOPHAMIL,322,179,80,4,5,2,0,2,2,0,0,0,0,0,274,3,4,266,56,82.61%,17.39%,55.59%,24.84%
1,1092,ESCOLA MUNICIPAL DE EDUCAÇÃO BÁSICA PROFESSOR FRANCISVAL DE BRITO,COOPHAMIL,322,189,64,1,6,9,0,0,0,0,0,0,0,0,269,3,4,266,56,82.61%,17.39%,58.7%,19.88%
1,1093,ESCOLA MUNICIPAL DE EDUCAÇÃO BÁSICA PROFESSOR FRANCISVAL DE BRITO,COOPHAMIL,323,177,63,6,3,8,0,0,0,0,0,0,0,0,257,3,4,267,56,82.66%,17.34%,54.8%,19.5%
1,1094,ESCOLA MUNICIPAL DE EDUCAÇÃO BÁSICA PROFESSOR FRANCISVAL DE BRITO,COOPHAMIL,328,174,80,9,3,5,2,0,0,0,0,0,0,0,273,3,4,271,57,82.62%,17.38%,53.05%,24.39%
1,1095,ESCOLA MUNICIPAL DE EDUCAÇÃO BÁSICA PROFESSOR FRANCISVAL DE BRITO,COOPHAMIL,323,186,63,11,4,3,2,1,0,0,0,0,0,0,270,3,4,267,56,82.66%,17.34%,57.59%,19.5%
1,1096,ESCOLA MUNICIPAL DE EDUCAÇÃO BÁSICA PROFESSOR FRANCISVAL DE BRITO,COOPHAMIL,322,189,60,8,4,6,0,1,0,1,0,0,0,0,269,3,4,266,56,82.61%,17.39%,58.7%,18.63%
1,1097,ESCOLA MUNICIPAL DE EDUCAÇÃO BÁSICA PROFESSOR FRANCISVAL DE BRITO,COOPHAMIL,320,163,65,12,4,9,1,0,0,0,0,0,0,0,254,3,4,264,56,82.5%,17.5%,50.94%,20.31%
1,1098,ESCOLA MUNICIPAL DE EDUCAÇÃO BÁSICA PROFESSOR FRANCISVAL DE BRITO,COOPHAMIL,322,161,81,7,8,5,3,0,1,0,0,0,0,0,266,3,4,266,56,82.61%,17.39%,50.0%,25.16%
1,1099,ESCOLA MUNICIPAL DE EDUCAÇÃO BÁSICA PROFESSOR FRANCISVAL DE BRITO,COOPHAMIL,327,161,73,13,8,4,0,0,0,0,0,0,0,0,259,3,4,270,57,82.57%,17.43%,49.24%,22.32%
55,127,ESCOLA ESTADUAL PROF.ª HERMELINDA DE FIGUEIREDO,COOPHEMA,398,202,85,13,4,13,3,0,0,0,0,0,0,0,320,5,7,321,77,80.65%,19.35%,50.75%,21.36%
55,128,ESCOLA ESTADUAL PROF.ª HERMELINDA DE FIGUEIREDO,COOPHEMA,398,178,94,10,14,12,0,0,0,0,0,0,0,0,308,5,7,321,77,80.65%,19.35%,44.72%,23.62%
55,129,ESCOLA ESTADUAL PROF.ª HERMELINDA DE FIGUEIREDO,COOPHEMA,393,198,109,7,10,12,0,0,0,0,0,0,0,0,336,4,7,317,76,80.66%,19.34%,50.38%,27.74%
55,130,ESCOLA ESTADUAL PROF.ª HERMELINDA DE FIGUEIREDO,COOPHEMA,391,197,82,18,11,6,3,3,3,0,2,0,0,0,325,4,7,315,76,80.56%,19.44%,50.38%,20.97%
55,131,ESCOLA ESTADUAL PROF.ª HERMELINDA DE FIGUEIREDO,COOPHEMA,387,203,76,5,12,3,1,0,1,0,0,0,0,0,301,4,7,312,75,80.62%,19.38%,52.45%,19.64%
55,132,ESCOLA ESTADUAL PROF.ª HERMELINDA DE FIGUEIREDO,COOPHEMA,398,192,99,4,5,10,0,0,0,1,2,0,0,0,313,5,7,321,77,80.65%,19.35%,48.24%,24.87%
55,133,ESCOLA ESTADUAL PROF.ª HERMELINDA DE FIGUEIREDO,COOPHEMA,388,166,95,7,7,18,0,1,0,0,0,0,0,0,294,4,7,313,75,80.67%,19.33%,42.78%,24.48%
55,203,ESCOLA ESTADUAL PROF.ª HERMELINDA DE FIGUEIREDO,COOPHEMA,391,205,77,5,5,11,1,0,0,0,0,0,1,0,305,4,7,315,76,80.56%,19.44%,52.43%,19.69%
55,249,ESCOLA ESTADUAL PROF.ª HERMELINDA DE FIGUEIREDO,COOPHEMA,394,186,95,8,6,4,1,1,0,0,0,0,0,0,301,5,7,318,76,80.71%,19.29%,47.21%,24.11%
55,134,ESCOLA EMEBE PROFª MARIA DIMPINA LOBO DUARTE,COXIPÓ DA PONTE,312,159,99,7,6,5,2,0,1,0,0,0,0,0,279,4,6,251,61,80.45%,19.55%,50.96%,31.73%
55,135,ESCOLA EMEBE PROFª MARIA DIMPINA LOBO DUARTE,COXIPÓ DA PONTE,311,155,119,6,5,7,0,0,0,0,0,0,0,0,292,4,6,251,60,80.71%,19.29%,49.84%,38.26%
55,136,ESCOLA EMEBE PROFª MARIA DIMPINA LOBO DUARTE,COXIPÓ DA PONTE,310,178,118,6,5,8,1,0,0,0,0,0,0,0,316,4,6,250,60,80.65%,19.35%,57.42%,38.06%
55,137,ESCOLA EMEBE PROFª MARIA DIMPINA LOBO DUARTE,COXIPÓ DA PONTE,307,185,108,12,8,5,0,0,0,0,0,0,0,0,318,4,5,247,60,80.46%,19.54%,60.26%,35.18%
55,139,ESCOLA EMEBE PROFª MARIA DIMPINA LOBO DUARTE,COXIPÓ DA PONTE,314,139,81,10,8,6,0,0,0,0,0,0,0,0,244,4,6,253,61,80.57%,19.43%,44.27%,25.8%
55,140,ESCOLA EMEBE PROFª MARIA DIMPINA LOBO DUARTE,COXIPÓ DA PONTE,311,146,95,8,6,7,0,0,0,0,1,0,0,0,263,4,6,251,60,80.71%,19.29%,46.95%,30.55%
55,141,ESCOLA EMEBE PROFª MARIA DIMPINA LOBO DUARTE,COXIPÓ DA PONTE,309,182,118,6,9,11,0,0,1,0,0,0,0,0,327,4,6,249,60,80.58%,19.42%,58.9%,38.19%
55,244,ESCOLA EMEBE PROFª MARIA DIMPINA LOBO DUARTE,COXIPÓ DA PONTE,310,162,108,16,6,10,0,2,1,0,0,0,0,0,305,4,6,250,60,80.65%,19.35%,52.26%,34.84%
51,1,ESCOLA MUNICIPAL NOSSA SENHORA DA PENHA DE FRANÇA,COXIPÓ DO OURO (ZONA RURAL),297,118,102,7,10,7,0,0,0,0,0,0,0,0,244,3,5,243,54,81.82%,18.18%,39.73%,34.34%
51,128,ESCOLA MUNICIPAL NOSSA SENHORA DA PENHA DE FRANÇA,COXIPÓ DO OURO (ZONA RURAL),300,113,103,5,9,6,0,0,0,0,0,0,0,0,236,3,5,245,55,81.67%,18.33%,37.67%,34.33%
51,310,COMUNIDADE SÃO JERÔNIMO,COXIPÓ DO OURO (ZONA RURAL),164,61,63,7,4,1,0,0,0,0,0,1,0,0,137,2,3,134,30,81.71%,18.29%,37.2%,38.41%
51,2,ESCOLA ESTADUAL CÍVICO-MILITAR ANDRÉ AVELINO RIBEIRO,CPA I,394,176,105,8,6,7,0,4,1,0,0,0,0,0,307,4,6,322,72,81.73%,18.27%,44.67%,26.65%
51,3,ESCOLA ESTADUAL CÍVICO-MILITAR ANDRÉ AVELINO RIBEIRO,CPA I,389,185,86,9,9,10,0,0,0,1,0,0,1,0,301,4,6,318,71,81.75%,18.25%,47.56%,22.11%
51,4,ESCOLA ESTADUAL CÍVICO-MILITAR ANDRÉ AVELINO RIBEIRO,CPA I,396,196,85,6,8,8,1,0,0,0,0,0,0,0,304,4,7,323,73,81.57%,18.43%,49.49%,21.46%
51,5,ESCOLA ESTADUAL CÍVICO-MILITAR ANDRÉ AVELINO RIBEIRO,CPA I,392,193,93,8,12,13,0,0,0,0,0,0,0,0,319,4,6,320,72,81.63%,18.37%,49.23%,23.72%
51,6,ESCOLA ESTADUAL CÍVICO-MILITAR ANDRÉ AVELINO RIBEIRO,CPA I,393,182,117,6,5,7,0,0,1,0,0,0,0,0,318,4,6,321,72,81.68%,18.32%,46.31%,29.77%
51,7,ESCOLA ESTADUAL CÍVICO-MILITAR ANDRÉ AVELINO RIBEIRO,CPA I,395,181,97,5,8,9,0,1,0,0,0,0,0,0,301,4,7,323,72,81.77%,18.23%,45.82%,24.56%
51,8,ESCOLA ESTADUAL CÍVICO-MILITAR ANDRÉ AVELINO RIBEIRO,CPA I,391,193,94,3,4,5,0,1,1,0,0,0,0,0,301,4,6,319,72,81.59%,18.41%,49.36%,24.04%
51,9,ESCOLA ESTADUAL CÍVICO-MILITAR ANDRÉ AVELINO RIBEIRO,CPA I,392,173,105,5,12,13,0,2,1,0,0,0,0,0,311,4,6,320,72,81.63%,18.37%,44.13%,26.79%
51,10,ESCOLA ESTADUAL CÍVICO-MILITAR ANDRÉ AVELINO RIBEIRO,CPA I,394,199,91,8,14,6,0,1,3,0,0,0,0,0,322,4,6,322,72,81.73%,18.27%,50.51%,23.1%
51,60,ESCOLA ESTADUAL CÍVICO-MILITAR ANDRÉ AVELINO RIBEIRO,CPA I,394,188,95,9,11,12,0,1,1,0,0,0,0,0,317,4,6,322,72,81.73%,18.27%,47.72%,24.11%
51,79,ESCOLA ESTADUAL CÍVICO-MILITAR ANDRÉ AVELINO RIBEIRO,CPA I,390,212,81,10,7,5,0,1,2,0,1,0,1,0,320,4,6,319,71,81.79%,18.21%,54.36%,20.77%
51,117,ESCOLA ESTADUAL CÍVICO-MILITAR ANDRÉ AVELINO RIBEIRO,CPA I,385,202,100,8,8,9,0,1,3,0,0,0,0,0,331,4,6,315,70,81.82%,18.18%,52.47%,25.97%
51,129,ESCOLA ESTADUAL CÍVICO-MILITAR ANDRÉ AVELINO RIBEIRO,CPA I,393,171,102,4,7,7,0,1,1,0,0,0,0,0,293,4,6,321,72,81.68%,18.32%,43.51%,25.95%
51,141,ESCOLA ESTADUAL CÍVICO-MILITAR ANDRÉ AVELINO RIBEIRO,CPA I,393,192,98,10,6,4,0,0,0,0,1,0,0,0,311,4,6,321,72,81.68%,18.32%,48.85%,24.94%
51,163,ESCOLA ESTADUAL PROFESSORA ALMIRA AMORIM E SILVA,CPA I,254,127,60,9,10,3,0,0,1,0,0,0,0,0,210,3,4,207,47,81.5%,18.5%,50.0%,23.62%
51,164,ESCOLA ESTADUAL PROFESSORA ALMIRA AMORIM E SILVA,CPA I,256,128,49,2,2,8,0,1,0,0,0,0,0,0,190,3,4,209,47,81.64%,18.36%,50.0%,19.14%
51,165,ESCOLA ESTADUAL PROFESSORA ALMIRA AMORIM E SILVA,CPA I,256,123,68,6,3,5,1,0,0,0,0,0,0,0,206,3,4,209,47,81.64%,18.36%,48.05%,26.56%
51,166,ESCOLA ESTADUAL PROFESSORA ALMIRA AMORIM E SILVA,CPA I,258,116,87,5,4,2,0,1,0,0,0,0,0,0,215,3,4,211,47,81.78%,18.22%,44.96%,33.72%
51,167,ESCOLA ESTADUAL PROFESSORA ALMIRA AMORIM E SILVA,CPA I,255,120,65,6,8,8,1,0,0,0,0,0,0,0,208,3,4,208,47,81.57%,18.43%,47.06%,25.49%
51,168,ESCOLA ESTADUAL PROFESSORA ALMIRA AMORIM E SILVA,CPA I,251,115,55,4,5,8,1,1,0,0,0,0,0,0,189,3,4,205,46,81.67%,18.33%,45.82%,21.91%
51,169,ESCOLA ESTADUAL PROFESSORA ALMIRA AMORIM E SILVA,CPA I,258,128,65,6,2,6,1,1,0,0,0,0,0,0,209,3,4,211,47,81.78%,18.22%,49.61%,25.19%
51,170,ESCOLA ESTADUAL PROFESSORA ALMIRA AMORIM E SILVA,CPA I,254,120,70,8,8,3,1,0,0,0,0,0,0,0,210,3,4,207,47,81.5%,18.5%,47.24%,27.56%
51,171,ESCOLA ESTADUAL PROFESSORA ALMIRA AMORIM E SILVA,CPA I,250,111,67,6,2,8,0,1,0,0,0,0,0,0,195,3,4,204,46,81.6%,18.4%,44.4%,26.8%
51,236,ESCOLA ESTADUAL PROFESSORA ALMIRA AMORIM E SILVA,CPA I,282,155,58,9,5,5,0,2,0,0,0,0,0,0,234,3,5,230,52,81.56%,18.44%,54.96%,20.57%
51,237,ESCOLA ESTADUAL PROFESSORA ALMIRA AMORIM E SILVA,CPA I,277,139,70,8,5,4,1,1,0,0,0,0,0,0,228,3,5,226,51,81.59%,18.41%,50.18%,25.27%
51,243,ESCOLA ESTADUAL CÍVICO-MILITAR ANDRÉ AVELINO RIBEIRO,CPA I,388,195,91,8,8,2,2,0,1,0,0,0,0,0,307,4,6,317,71,81.7%,18.3%,50.26%,23.45%
51,244,ESCOLA ESTADUAL PROFESSORA ALMIRA AMORIM E SILVA,CPA I,249,126,58,4,3,2,1,0,0,0,0,0,0,0,194,3,4,203,46,81.53%,18.47%,50.6%,23.29%
51,258,ESCOLA ESTADUAL PROFESSORA ALMIRA AMORIM E SILVA,CPA I,264,133,62,7,2,1,0,0,0,0,0,0,0,0,205,3,4,216,48,81.82%,18.18%,50.38%,23.48%
51,269,ESCOLA ESTADUAL PROFESSORA ALMIRA AMORIM E SILVA,CPA I,273,131,75,10,6,4,2,0,0,0,0,0,0,1,229,3,4,223,50,81.68%,18.32%,47.99%,27.47%
51,278,ESCOLA ESTADUAL CÍVICO-MILITAR ANDRÉ AVELINO RIBEIRO,CPA I,392,190,85,10,3,5,0,1,0,0,0,0,0,0,294,4,6,320,72,81.63%,18.37%,48.47%,21.68%
51,290,ESCOLA ESTADUAL CÍVICO-MILITAR ANDRÉ AVELINO RIBEIRO,CPA I,391,192,88,8,6,15,2,0,1,0,0,0,1,0,313,4,6,319,72,81.59%,18.41%,49.1%,22.51%
51,189,ESCOLA ESTADUAL CÍVICO-MILITAR ANA MARIA DO COUTO,CPA II,383,197,91,6,7,4,0,0,0,1,0,0,0,0,306,4,6,313,70,81.72%,18.28%,51.44%,23.76%
51,190,ESCOLA ESTADUAL CÍVICO-MILITAR ANA MARIA DO COUTO,CPA II,384,191,88,6,9,4,0,0,0,0,1,0,0,0,299,4,6,314,70,81.77%,18.23%,49.74%,22.92%
51,191,ESCOLA ESTADUAL CÍVICO-MILITAR ANA MARIA DO COUTO,CPA II,379,184,93,16,6,9,1,1,0,0,0,0,0,0,310,4,6,310,69,81.79%,18.21%,48.55%,24.54%
51,192,ESCOLA ESTADUAL CÍVICO-MILITAR ANA MARIA DO COUTO,CPA II,386,168,123,9,5,11,1,1,0,0,0,0,0,0,318,4,6,315,71,81.61%,18.39%,43.52%,31.87%
51,193,ESCOLA ESTADUAL CÍVICO-MILITAR ANA MARIA DO COUTO,CPA II,380,190,110,8,5,7,1,1,0,0,0,0,0,0,322,4,6,310,70,81.58%,18.42%,50.0%,28.95%
51,194,ESCOLA ESTADUAL CÍVICO-MILITAR ANA MARIA DO COUTO,CPA II,384,184,112,8,3,7,0,0,1,0,0,0,0,0,315,4,6,314,70,81.77%,18.23%,47.92%,29.17%
51,195,ESCOLA ESTADUAL CÍVICO-MILITAR ANA MARIA DO COUTO,CPA II,388,178,114,5,9,10,0,1,0,0,0,0,0,0,317,4,6,317,71,81.7%,18.3%,45.88%,29.38%
51,196,ESCOLA ESTADUAL CÍVICO-MILITAR ANA MARIA DO COUTO,CPA II,374,181,114,7,8,3,1,1,1,0,0,0,0,0,316,4,6,306,68,81.82%,18.18%,48.4%,30.48%
51,197,ESCOLA ESTADUAL CÍVICO-MILITAR ANA MARIA DO COUTO,CPA II,379,172,116,8,10,9,2,1,0,0,0,0,0,0,318,4,6,310,69,81.79%,18.21%,45.38%,30.61%
51,198,ESCOLA ESTADUAL CÍVICO-MILITAR ANA MARIA DO COUTO,CPA II,379,188,99,5,11,4,0,0,0,0,0,0,0,0,307,4,6,310,69,81.79%,18.21%,49.6%,26.12%
51,199,ESCOLA ESTADUAL CÍVICO-MILITAR ANA MARIA DO COUTO,CPA II,387,184,85,11,13,9,1,2,0,0,0,0,0,0,305,4,6,316,71,81.65%,18.35%,47.55%,21.96%
51,200,ESCOLA ESTADUAL CÍVICO-MILITAR ANA MARIA DO COUTO,CPA II,387,195,91,9,11,5,1,0,1,1,0,0,0,0,314,4,6,316,71,81.65%,18.35%,50.39%,23.51%
51,201,ESCOLA ESTADUAL CÍVICO-MILITAR ANA MARIA DO COUTO,CPA II,385,169,112,9,13,9,0,1,0,0,1,0,1,0,315,4,6,315,70,81.82%,18.18%,43.9%,29.09%
51,202,ESCOLA ESTADUAL CÍVICO-MILITAR ANA MARIA DO COUTO,CPA II,384,198,94,12,6,7,0,2,1,0,1,0,0,0,321,4,6,314,70,81.77%,18.23%,51.56%,24.48%
51,203,ESCOLA ESTADUAL CÍVICO-MILITAR ANA MARIA DO COUTO,CPA II,387,191,109,7,7,8,0,1,0,1,0,0,0,0,324,4,6,316,71,81.65%,18.35%,49.35%,28.17%
51,293,ESCOLA ESTADUAL CÍVICO-MILITAR ANA MARIA DO COUTO,CPA II,374,170,90,5,5,9,3,1,0,0,0,0,0,0,283,4,6,306,68,81.82%,18.18%,45.45%,24.06%
51,343,ESCOLA ESTADUAL CÍVICO-MILITAR ANA MARIA DO COUTO,CPA II,379,199,84,8,9,10,2,0,0,0,0,0,0,0,312,4,6,310,69,81.79%,18.21%,52.51%,22.16%
51,382,ESCOLA ESTADUAL CÍVICO-MILITAR ANA MARIA DO COUTO,CPA II,374,194,113,10,14,19,2,0,0,1,0,0,0,0,353,4,6,306,68,81.82%,18.18%,51.87%,30.21%
51,172,ESCOLA ESTADUAL LEONIDAS ANTERO DE MATOS,CPA III SETOR 03,381,162,110,8,9,2,4,0,0,0,0,0,0,0,295,4,6,311,70,81.63%,18.37%,42.52%,28.87%
51,173,ESCOLA ESTADUAL LEONIDAS ANTERO DE MATOS,CPA III SETOR 03,380,158,113,17,7,6,1,2,2,0,0,0,0,0,306,4,6,310,70,81.58%,18.42%,41.58%,29.74%
51,174,ESCOLA ESTADUAL LEONIDAS ANTERO DE MATOS,CPA III SETOR 03,379,186,92,11,6,6,1,2,1,0,0,0,0,0,305,4,6,310,69,81.79%,18.21%,49.08%,24.27%
51,175,ESCOLA ESTADUAL LEONIDAS ANTERO DE MATOS,CPA III SETOR 03,377,155,106,6,9,6,3,1,1,0,0,0,0,0,287,4,6,308,69,81.7%,18.3%,41.11%,28.12%
51,176,ESCOLA ESTADUAL LEONIDAS ANTERO DE MATOS,CPA III SETOR 03,377,159,99,17,6,7,1,1,1,0,0,0,0,0,291,4,6,308,69,81.7%,18.3%,42.18%,26.26%
51,177,ESCOLA ESTADUAL LEONIDAS ANTERO DE MATOS,CPA III SETOR 03,382,189,99,9,7,10,0,1,0,0,0,0,0,0,315,4,6,312,70,81.68%,18.32%,49.48%,25.92%
51,178,ESCOLA ESTADUAL LEONIDAS ANTERO DE MATOS,CPA III SETOR 03,375,171,98,9,10,6,0,0,0,0,0,0,0,0,294,4,6,306,69,81.6%,18.4%,45.6%,26.13%
51,179,ESCOLA ESTADUAL LEONIDAS ANTERO DE MATOS,CPA III SETOR 03,376,185,97,10,5,8,0,0,0,0,0,0,0,0,305,4,6,307,69,81.65%,18.35%,49.2%,25.8%
51,180,ESCOLA ESTADUAL LEONIDAS ANTERO DE MATOS,CPA III SETOR 03,378,183,97,6,6,7,2,0,2,0,0,0,0,0,303,4,6,309,69,81.75%,18.25%,48.41%,25.66%
51,181,ESCOLA ESTADUAL LEONIDAS ANTERO DE MATOS,CPA III SETOR 03,373,187,77,13,6,11,0,1,1,0,0,1,0,0,297,4,6,305,68,81.77%,18.23%,50.13%,20.64%
51,182,ESCOLA ESTADUAL LEONIDAS ANTERO DE MATOS,CPA III SETOR 03,374,177,88,6,9,12,0,1,1,0,0,0,0,0,294,4,6,306,68,81.82%,18.18%,47.33%,23.53%
51,252,ESCOLA ESTADUAL LEONIDAS ANTERO DE MATOS,CPA III SETOR 03,373,164,97,11,7,6,0,0,1,0,0,0,0,0,286,4,6,305,68,81.77%,18.23%,43.97%,26.01%
51,238,ESCOLA MUNICIPAL TENENTE OCTACILIO SEBASTIÃO DA CRUZ,CPA III SETOR 04,329,158,109,10,5,2,0,1,0,0,0,0,0,0,285,3,5,269,60,81.76%,18.24%,48.02%,33.13%
51,239,ESCOLA MUNICIPAL TENENTE OCTACILIO SEBASTIÃO DA CRUZ,CPA III SETOR 04,330,153,94,7,8,3,1,0,0,0,0,0,0,0,266,3,5,270,60,81.82%,18.18%,46.36%,28.48%
51,253,ESCOLA MUNICIPAL TENENTE OCTACILIO SEBASTIÃO DA CRUZ,CPA III SETOR 04,331,161,86,14,9,6,1,0,2,0,0,0,0,0,279,3,5,270,61,81.57%,18.43%,48.64%,25.98%
51,354,ESCOLA MUNICIPAL TENENTE OCTACILIO SEBASTIÃO DA CRUZ,CPA III SETOR 04,325,142,71,7,7,10,0,0,0,0,0,0,0,0,237,3,5,265,60,81.54%,18.46%,43.69%,21.85%
51,240,CRECHE MUNICIPAL SANTA INES,CPA III SETOR 05,386,175,110,8,7,8,1,0,0,0,0,0,0,0,309,4,6,315,71,81.61%,18.39%,45.34%,28.5%
51,241,CRECHE MUNICIPAL SANTA INES,CPA III SETOR 05,392,182,97,12,3,6,0,2,0,0,0,0,0,0,302,4,6,320,72,81.63%,18.37%,46.43%,24.74%
51,248,CRECHE MUNICIPAL SANTA INES,CPA III SETOR 05,387,168,101,13,10,5,1,0,2,0,0,0,0,0,300,4,6,316,71,81.65%,18.35%,43.41%,26.1%
51,134,ESCOLA ESTADUAL CÍVICO-MILITAR PROFESSORA MARIA HERMÍNIA ALVES,CPA IV,309,143,77,8,6,5,0,0,1,0,0,0,0,0,240,3,5,252,57,81.55%,18.45%,46.28%,24.92%
51,140,ESCOLA ESTADUAL CÍVICO-MILITAR PROFESSORA MARIA HERMÍNIA ALVES,CPA IV,320,146,84,7,6,4,0,1,0,0,0,0,0,0,248,3,5,261,59,81.56%,18.44%,45.62%,26.25%
51,265,ESCOLA ESTADUAL CÍVICO-MILITAR PROFESSORA MARIA HERMÍNIA ALVES,CPA IV,311,148,78,12,5,4,0,1,0,1,0,0,0,0,249,3,5,254,57,81.67%,18.33%,47.59%,25.08%
51,309,ESCOLA ESTADUAL CÍVICO-MILITAR PROFESSORA MARIA HERMÍNIA ALVES,CPA IV,318,161,77,7,5,1,3,0,1,0,0,1,0,0,256,3,5,260,58,81.76%,18.24%,50.63%,24.21%
51,377,ESCOLA ESTADUAL CÍVICO-MILITAR PROFESSORA MARIA HERMÍNIA ALVES,CPA IV,214,82,67,7,4,8,0,1,0,0,0,0,0,0,169,2,4,175,39,81.78%,18.22%,38.32%,31.31%
51,204,ESCOLA ESTADUAL CÍVICO-MILITAR LEOVEGILDO DE MELO,CPA IV 1ª ETAPA,379,163,107,5,8,15,2,0,2,0,0,0,0,1,303,4,6,310,69,81.79%,18.21%,43.01%,28.23%
51,205,ESCOLA ESTADUAL CÍVICO-MILITAR LEOVEGILDO DE MELO,CPA IV 1ª ETAPA,375,162,113,10,6,8,0,0,0,1,0,0,0,0,300,4,6,306,69,81.6%,18.4%,43.2%,30.13%
51,206,ESCOLA ESTADUAL CÍVICO-MILITAR LEOVEGILDO DE MELO,CPA IV 1ª ETAPA,379,177,109,10,8,5,1,1,0,0,0,0,0,0,311,4,6,310,69,81.79%,18.21%,46.7%,28.76%
51,207,ESCOLA ESTADUAL CÍVICO-MILITAR LEOVEGILDO DE MELO,CPA IV 1ª ETAPA,380,164,107,9,12,6,0,1,0,0,0,0,0,0,299,4,6,310,70,81.58%,18.42%,43.16%,28.16%
51,208,ESCOLA ESTADUAL CÍVICO-MILITAR LEOVEGILDO DE MELO,CPA IV 1ª ETAPA,380,157,119,13,11,5,1,0,0,0,0,0,0,0,306,4,6,310,70,81.58%,18.42%,41.32%,31.32%
51,209,ESCOLA ESTADUAL CÍVICO-MILITAR LEOVEGILDO DE MELO,CPA IV 1ª ETAPA,383,172,99,13,7,8,0,0,1,0,0,0,0,0,300,4,6,313,70,81.72%,18.28%,44.91%,25.85%
51,210,ESCOLA ESTADUAL CÍVICO-MILITAR LEOVEGILDO DE MELO,CPA IV 1ª ETAPA,381,179,100,8,3,8,1,1,1,0,0,0,0,0,301,4,6,311,70,81.63%,18.37%,46.98%,26.25%
51,211,ESCOLA ESTADUAL CÍVICO-MILITAR LEOVEGILDO DE MELO,CPA IV 1ª ETAPA,383,157,115,10,7,6,0,2,3,0,0,0,0,0,300,4,6,313,70,81.72%,18.28%,40.99%,30.03%
51,212,ESCOLA ESTADUAL CÍVICO-MILITAR LEOVEGILDO DE MELO,CPA IV 1ª ETAPA,377,164,110,10,10,6,0,0,1,0,0,0,0,0,301,4,6,308,69,81.7%,18.3%,43.5%,29.18%
51,213,ESCOLA ESTADUAL CÍVICO-MILITAR LEOVEGILDO DE MELO,CPA IV 1ª ETAPA,378,168,117,7,4,5,0,1,1,0,0,0,0,0,303,4,6,309,69,81.75%,18.25%,44.44%,30.95%
51,214,ESCOLA ESTADUAL CÍVICO-MILITAR LEOVEGILDO DE MELO,CPA IV 1ª ETAPA,382,178,120,9,9,5,0,0,3,0,0,0,0,0,324,4,6,312,70,81.68%,18.32%,46.6%,31.41%
51,215,ESCOLA ESTADUAL CÍVICO-MILITAR LEOVEGILDO DE MELO,CPA IV 1ª ETAPA,381,173,108,5,11,3,0,1,0,0,0,1,0,0,302,4,6,311,70,81.63%,18.37%,45.41%,28.35%
51,86,ESCOLA ESTADUAL PADRE JOAO PANAROTTO,CPA IV 2ª ETAPA,355,184,92,9,6,2,1,1,0,0,0,0,0,0,295,4,6,290,65,81.69%,18.31%,51.83%,25.92%
51,87,ESCOLA ESTADUAL PADRE JOAO PANAROTTO,CPA IV 2ª ETAPA,352,173,106,7,3,6,0,1,0,0,0,0,0,0,296,4,6,288,64,81.82%,18.18%,49.15%,30.11%
51,91,ESCOLA ESTADUAL PADRE JOAO PANAROTTO,CPA IV 2ª ETAPA,350,172,88,11,4,1,0,1,2,0,0,0,0,0,279,4,6,286,64,81.71%,18.29%,49.14%,25.14%
51,97,ESCOLA ESTADUAL PADRE JOAO PANAROTTO,CPA IV 2ª ETAPA,351,167,97,7,6,3,0,1,0,1,0,0,0,0,282,4,6,287,64,81.77%,18.23%,47.58%,27.64%
51,106,ESCOLA ESTADUAL PADRE JOAO PANAROTTO,CPA IV 2ª ETAPA,352,169,83,10,10,8,0,1,1,1,0,0,0,0,283,4,6,288,64,81.82%,18.18%,48.01%,23.58%
51,111,ESCOLA ESTADUAL PADRE JOAO PANAROTTO,CPA IV 2ª ETAPA,354,174,91,8,9,2,0,1,0,0,0,0,0,0,285,4,6,289,65,81.64%,18.36%,49.15%,25.71%
51,115,ESCOLA ESTADUAL PADRE JOAO PANAROTTO,CPA IV 2ª ETAPA,352,152,118,11,3,3,0,0,1,0,0,0,0,0,288,4,6,288,64,81.82%,18.18%,43.18%,33.52%
51,123,ESCOLA ESTADUAL PADRE JOAO PANAROTTO,CPA IV 2ª ETAPA,347,166,103,2,5,4,3,0,0,0,0,0,0,0,283,4,6,283,64,81.56%,18.44%,47.84%,29.68%
51,145,ESCOLA ESTADUAL PADRE JOAO PANAROTTO,CPA IV 2ª ETAPA,348,182,87,7,4,4,1,0,1,0,0,0,0,0,286,4,6,284,64,81.61%,18.39%,52.3%,25.0%
51,251,ESCOLA ESTADUAL PADRE JOAO PANAROTTO,CPA IV 2ª ETAPA,355,176,93,7,7,6,2,1,0,0,0,0,0,0,292,4,6,290,65,81.69%,18.31%,49.58%,26.2%
51,276,ESCOLA ESTADUAL PADRE JOAO PANAROTTO,CPA IV 2ª ETAPA,348,162,92,14,2,2,0,0,1,0,0,0,0,0,273,4,6,284,64,81.61%,18.39%,46.55%,26.44%
51,301,ESCOLA ESTADUAL PADRE JOAO PANAROTTO,CPA IV 2ª ETAPA,345,173,92,4,7,7,1,0,1,0,0,0,0,0,285,4,6,282,63,81.74%,18.26%,50.14%,26.67%
51,90,ESCOLA ESTADUAL PROFESSORA DIONE AUGUSTA SILVA SOUZA,CPA IV 5ª ETAPA,387,203,93,10,7,12,0,1,0,0,1,0,0,0,327,4,6,316,71,81.65%,18.35%,52.45%,24.03%
51,101,ESCOLA ESTADUAL PROFESSORA DIONE AUGUSTA SILVA SOUZA,CPA IV 5ª ETAPA,394,189,113,14,5,8,0,0,0,0,0,0,0,0,329,4,6,322,72,81.73%,18.27%,47.97%,28.68%
51,110,ESCOLA ESTADUAL PROFESSORA DIONE AUGUSTA SILVA SOUZA,CPA IV 5ª ETAPA,385,183,102,13,7,5,1,0,1,0,0,0,0,0,312,4,6,315,70,81.82%,18.18%,47.53%,26.49%
51,116,ESCOLA ESTADUAL PROFESSORA DIONE AUGUSTA SILVA SOUZA,CPA IV 5ª ETAPA,385,210,94,10,8,8,1,0,0,0,0,0,0,0,331,4,6,315,70,81.82%,18.18%,54.55%,24.42%
51,125,ESCOLA ESTADUAL PROFESSORA DIONE AUGUSTA SILVA SOUZA,CPA IV 5ª ETAPA,390,177,100,18,9,6,0,4,0,0,0,0,0,0,314,4,6,319,71,81.79%,18.21%,45.38%,25.64%
51,138,ESCOLA ESTADUAL PROFESSORA DIONE AUGUSTA SILVA SOUZA,CPA IV 5ª ETAPA,385,196,91,13,5,6,1,0,0,0,0,0,0,0,312,4,6,315,70,81.82%,18.18%,50.91%,23.64%
51,146,ESCOLA ESTADUAL PROFESSORA DIONE AUGUSTA SILVA SOUZA,CPA IV 5ª ETAPA,378,182,104,13,10,8,0,0,0,0,1,0,0,0,318,4,6,309,69,81.75%,18.25%,48.15%,27.51%
51,247,ESCOLA ESTADUAL PROFESSORA DIONE AUGUSTA SILVA SOUZA,CPA IV 5ª ETAPA,387,203,91,9,6,4,1,0,1,2,0,0,0,0,317,4,6,316,71,81.65%,18.35%,52.45%,23.51%
51,257,ESCOLA ESTADUAL PROFESSORA DIONE AUGUSTA SILVA SOUZA,CPA IV 5ª ETAPA,382,180,95,13,6,6,0,2,1,0,0,0,0,0,303,4,6,312,70,81.68%,18.32%,47.12%,24.87%
51,268,ESCOLA ESTADUAL PROFESSORA DIONE AUGUSTA SILVA SOUZA,CPA IV 5ª ETAPA,384,180,88,12,10,7,0,0,0,0,0,0,0,0,297,4,6,314,70,81.77%,18.23%,46.88%,22.92%
51,284,ESCOLA ESTADUAL PROFESSORA DIONE AUGUSTA SILVA SOUZA,CPA IV 5ª ETAPA,388,201,88,8,7,12,0,1,0,0,0,0,0,0,317,4,6,317,71,81.7%,18.3%,51.8%,22.68%
51,298,ESCOLA ESTADUAL PROFESSORA DIONE AUGUSTA SILVA SOUZA,CPA IV 5ª ETAPA,388,174,110,9,8,8,0,1,0,0,0,0,0,0,310,4,6,317,71,81.7%,18.3%,44.85%,28.35%
51,311,ESCOLA ESTADUAL PROFESSORA DIONE AUGUSTA SILVA SOUZA,CPA IV 5ª ETAPA,379,153,101,14,2,12,0,2,3,0,0,0,1,0,288,4,6,310,69,81.79%,18.21%,40.37%,26.65%
51,338,ESCOLA ESTADUAL PROFESSORA DIONE AUGUSTA SILVA SOUZA,CPA IV 5ª ETAPA,378,189,88,12,3,8,1,0,1,0,0,0,0,0,302,4,6,309,69,81.75%,18.25%,50.0%,23.28%
51,350,ESCOLA ESTADUAL PROFESSORA DIONE AUGUSTA SILVA SOUZA,CPA IV 5ª ETAPA,386,182,109,6,6,3,0,0,3,0,0,0,0,0,309,4,6,315,71,81.61%,18.39%,47.15%,28.24%
51,379,ESCOLA ESTADUAL PROFESSORA DIONE AUGUSTA SILVA SOUZA,CPA IV 5ª ETAPA,300,134,100,6,4,11,0,1,0,0,0,0,0,0,256,3,5,245,55,81.67%,18.33%,44.67%,33.33%
1,923,ESCOLA MUNICIPAL GLÁUCIA MARIA BORGES GARCIA,DESPRAIADO,382,177,100,13,11,4,0,1,0,0,0,0,0,0,306,3,5,316,66,82.72%,17.28%,46.34%,26.18%
1,930,ESCOLA MUNICIPAL GLÁUCIA MARIA BORGES GARCIA,DESPRAIADO,388,176,106,9,7,7,1,1,0,0,0,0,0,0,307,3,5,321,67,82.73%,17.27%,45.36%,27.32%
1,1160,ESCOLA MUNICIPAL GLÁUCIA MARIA BORGES GARCIA,DESPRAIADO,385,208,74,8,9,5,0,1,2,0,0,0,0,1,308,3,5,318,67,82.6%,17.4%,54.03%,19.22%
1,1173,ESCOLA MUNICIPAL GLÁUCIA MARIA BORGES GARCIA,DESPRAIADO,379,166,92,11,4,13,3,1,0,0,0,0,0,0,290,3,5,313,66,82.59%,17.41%,43.8%,24.27%
1,1187,PROCURADORIA-GERAL DO ESTADO DE MATO GROSSO  PGE,DESPRAIADO,211,134,46,1,2,8,0,0,1,0,0,0,0,0,192,2,3,174,37,82.46%,17.54%,63.51%,21.8%
1,1190,ESCOLA MUNICIPAL GLÁUCIA MARIA BORGES GARCIA,DESPRAIADO,239,118,67,8,7,10,1,0,1,0,0,0,0,0,212,2,3,197,42,82.43%,17.57%,49.37%,28.03%
55,324,ESCOLA ESTADUAL PADRE FIRMO PINTO DUARTE FILHO,DISTRITO INDUSTRIAL,389,174,111,16,4,16,0,1,1,0,2,0,0,0,325,4,7,314,75,80.72%,19.28%,44.73%,28.53%
55,344,ESCOLA ESTADUAL PADRE FIRMO PINTO DUARTE FILHO,DISTRITO INDUSTRIAL,331,165,104,8,1,6,2,2,0,0,0,0,0,0,288,4,6,267,64,80.66%,19.34%,49.85%,31.42%
55,261,ESCOLA MUNICIPAL RURAL DE EDUCAÇÃO BÁSICA NOVA ESPERANÇA,DISTRITO NOVA ESPERANÇA - PEQUIZEIRO,350,148,102,10,5,4,0,0,0,0,0,0,0,0,269,4,6,282,68,80.57%,19.43%,42.29%,29.14%
55,307,ESCOLA MUNICIPAL RURAL DE EDUCAÇÃO BÁSICA NOVA ESPERANÇA,DISTRITO NOVA ESPERANÇA - PEQUIZEIRO,349,167,97,3,5,4,1,0,1,0,0,0,0,0,278,4,6,281,68,80.52%,19.48%,47.85%,27.79%
39,372,CENTRO EDUCACIONAL MARIA AUXILIADORA(CEMA),DOM AQUINO,173,0,0,0,0,0,0,0,0,0,0,0,0,0,0,2,3,142,31,82.08%,17.92%,0.0%,0.0%
39,373,CENTRO EDUCACIONAL MARIA AUXILIADORA(CEMA),DOM AQUINO,177,0,0,0,0,0,0,0,0,0,0,0,0,0,0,2,3,146,31,82.49%,17.51%,0.0%,0.0%
39,374,CENTRO EDUCACIONAL MARIA AUXILIADORA(CEMA),DOM AQUINO,183,93,36,5,4,4,1,1,0,0,0,0,0,0,144,2,3,151,32,82.51%,17.49%,50.82%,19.67%
39,375,CENTRO EDUCACIONAL MARIA AUXILIADORA(CEMA),DOM AQUINO,177,0,0,0,0,0,0,0,0,0,0,0,0,0,0,2,3,146,31,82.49%,17.51%,0.0%,0.0%
39,376,CENTRO EDUCACIONAL MARIA AUXILIADORA(CEMA),DOM AQUINO,178,150,85,8,13,4,4,0,2,0,0,0,0,0,266,2,3,147,31,82.58%,17.42%,84.27%,47.75%
39,377,CENTRO EDUCACIONAL MARIA AUXILIADORA(CEMA),DOM AQUINO,178,167,83,9,3,5,3,0,1,0,0,0,0,0,271,2,3,147,31,82.58%,17.42%,93.82%,46.63%
39,378,CENTRO EDUCACIONAL MARIA AUXILIADORA(CEMA),DOM AQUINO,182,157,94,9,2,4,2,1,2,0,0,0,0,0,271,2,3,150,32,82.42%,17.58%,86.26%,51.65%
39,411,ESCOLA ESTADUAL SANTOS DUMONT,DOM AQUINO,312,132,102,4,4,4,0,0,0,0,0,0,0,0,246,3,5,257,55,82.37%,17.63%,42.31%,32.69%
39,412,ESCOLA ESTADUAL SANTOS DUMONT,DOM AQUINO,311,134,99,4,5,5,0,1,0,0,0,0,0,0,248,3,5,256,55,82.32%,17.68%,43.09%,31.83%
39,413,ESCOLA ESTADUAL SANTOS DUMONT,DOM AQUINO,308,130,109,6,7,2,0,0,0,0,0,1,0,0,255,3,5,254,54,82.47%,17.53%,42.21%,35.39%
39,414,ESCOLA ESTADUAL SANTOS DUMONT,DOM AQUINO,312,128,100,8,6,2,0,1,1,0,0,0,0,0,246,3,5,257,55,82.37%,17.63%,41.03%,32.05%
39,415,ESCOLA ESTADUAL SANTOS DUMONT,DOM AQUINO,311,115,97,6,14,3,1,2,0,0,0,1,0,0,239,3,5,256,55,82.32%,17.68%,36.98%,31.19%
39,416,ESCOLA ESTADUAL SANTOS DUMONT,DOM AQUINO,310,119,108,7,4,9,1,1,0,1,0,0,0,0,250,3,5,255,55,82.26%,17.74%,38.39%,34.84%
39,417,ESCOLA ESTADUAL SANTOS DUMONT,DOM AQUINO,308,128,99,10,12,3,0,0,1,0,0,0,0,0,253,3,5,254,54,82.47%,17.53%,41.56%,32.14%
39,418,ESCOLA ESTADUAL SANTOS DUMONT,DOM AQUINO,307,113,111,9,7,5,0,0,0,0,0,0,1,0,246,3,5,253,54,82.41%,17.59%,36.81%,36.16%
39,419,ESCOLA ESTADUAL SANTOS DUMONT,DOM AQUINO,315,131,95,15,7,5,0,0,1,0,0,0,0,0,254,3,5,259,56,82.22%,17.78%,41.59%,30.16%
39,420,ESCOLA ESTADUAL SANTOS DUMONT,DOM AQUINO,309,118,104,8,8,5,1,0,0,0,0,0,0,0,244,3,5,255,54,82.52%,17.48%,38.19%,33.66%
39,421,ESCOLA ESTADUAL SANTOS DUMONT,DOM AQUINO,308,128,106,6,8,5,0,0,1,0,0,0,0,0,254,3,5,254,54,82.47%,17.53%,41.56%,34.42%
39,422,ESCOLA ESTADUAL SANTOS DUMONT,DOM AQUINO,305,130,96,8,8,4,0,0,0,0,0,0,0,0,246,3,5,251,54,82.3%,17.7%,42.62%,31.48%
39,423,ESCOLA ESTADUAL SANTOS DUMONT,DOM AQUINO,303,131,95,10,3,3,1,1,0,0,0,0,0,0,244,3,4,250,53,82.51%,17.49%,43.23%,31.35%
39,424,ESCOLA MUNICIPAL DE EDUCAÇÃO BÁSICA TEREZA LOBO,DOM AQUINO,395,151,131,8,11,3,0,1,0,0,0,0,0,0,305,4,6,325,70,82.28%,17.72%,38.23%,33.16%
39,425,ESCOLA MUNICIPAL DE EDUCAÇÃO BÁSICA TEREZA LOBO,DOM AQUINO,389,179,107,10,9,7,0,0,1,0,0,0,0,0,313,4,6,320,69,82.26%,17.74%,46.02%,27.51%
39,426,ESCOLA MUNICIPAL DE EDUCAÇÃO BÁSICA TEREZA LOBO,DOM AQUINO,390,176,110,8,8,4,0,0,0,0,0,0,0,0,306,4,6,321,69,82.31%,17.69%,45.13%,28.21%
39,427,ESCOLA MUNICIPAL DE EDUCAÇÃO BÁSICA TEREZA LOBO,DOM AQUINO,391,179,121,6,5,4,1,0,0,0,0,0,0,0,316,4,6,322,69,82.35%,17.65%,45.78%,30.95%
39,428,ESCOLA MUNICIPAL DE EDUCAÇÃO BÁSICA TEREZA LOBO,DOM AQUINO,385,167,122,9,4,4,1,0,0,0,0,0,0,0,307,3,6,317,68,82.34%,17.66%,43.38%,31.69%
39,429,ESCOLA MUNICIPAL DE EDUCAÇÃO BÁSICA TEREZA LOBO,DOM AQUINO,392,164,120,5,7,6,2,1,2,0,1,0,0,0,308,4,6,323,69,82.4%,17.6%,41.84%,30.61%
39,440,CENTRO EDUCACIONAL MARIA AUXILIADORA(CEMA),DOM AQUINO,261,112,76,5,8,6,0,1,0,0,0,0,0,0,208,2,4,215,46,82.38%,17.62%,42.91%,29.12%
39,441,CENTRO EDUCACIONAL MARIA AUXILIADORA(CEMA),DOM AQUINO,263,121,63,6,4,3,0,0,0,0,0,0,0,0,197,2,4,217,46,82.51%,17.49%,46.01%,23.95%
39,442,CENTRO EDUCACIONAL MARIA AUXILIADORA(CEMA),DOM AQUINO,262,114,83,2,5,3,1,0,1,0,0,0,0,0,209,2,4,216,46,82.44%,17.56%,43.51%,31.68%
39,443,CENTRO EDUCACIONAL MARIA AUXILIADORA(CEMA),DOM AQUINO,272,108,74,2,11,9,0,0,0,0,0,0,0,0,204,2,4,224,48,82.35%,17.65%,39.71%,27.21%
39,444,CENTRO EDUCACIONAL MARIA AUXILIADORA(CEMA),DOM AQUINO,263,115,65,6,6,8,0,1,0,1,0,0,0,0,202,2,4,217,46,82.51%,17.49%,43.73%,24.71%
39,445,CENTRO EDUCACIONAL MARIA AUXILIADORA(CEMA),DOM AQUINO,266,127,73,4,6,4,0,0,0,0,0,0,0,0,214,2,4,219,47,82.33%,17.67%,47.74%,27.44%
39,446,CENTRO EDUCACIONAL MARIA AUXILIADORA(CEMA),DOM AQUINO,269,126,63,4,4,9,0,1,1,0,0,0,0,0,208,2,4,222,47,82.53%,17.47%,46.84%,23.42%
39,447,CENTRO EDUCACIONAL MARIA AUXILIADORA(CEMA),DOM AQUINO,265,126,61,10,5,5,0,1,0,0,0,0,0,0,208,2,4,218,47,82.26%,17.74%,47.55%,23.02%
39,490,CRECHE MUNICIPAL SÃO JOSÉ OPERÁRIO,DOM AQUINO,300,123,87,7,9,4,0,0,1,0,0,0,0,0,231,3,4,247,53,82.33%,17.67%,41.0%,29.0%
39,491,CRECHE MUNICIPAL SÃO JOSÉ OPERÁRIO,DOM AQUINO,302,153,65,7,6,7,0,0,0,0,0,0,0,0,238,3,4,249,53,82.45%,17.55%,50.66%,21.52%
39,492,CRECHE MUNICIPAL SÃO JOSÉ OPERÁRIO,DOM AQUINO,299,130,84,4,7,3,1,0,2,0,0,0,0,0,231,3,4,246,53,82.27%,17.73%,43.48%,28.09%
39,493,CRECHE MUNICIPAL SÃO JOSÉ OPERÁRIO,DOM AQUINO,300,134,77,6,8,3,1,1,0,0,0,0,1,0,231,3,4,247,53,82.33%,17.67%,44.67%,25.67%
39,494,CRECHE MUNICIPAL SÃO JOSÉ OPERÁRIO,DOM AQUINO,297,129,92,4,3,1,1,0,0,0,0,0,0,0,230,3,4,245,52,82.49%,17.51%,43.43%,30.98%
39,495,CRECHE MUNICIPAL SÃO JOSÉ OPERÁRIO,DOM AQUINO,294,133,77,8,4,4,2,0,0,0,0,0,0,0,228,3,4,242,52,82.31%,17.69%,45.24%,26.19%
39,706,ESCOLA MUNICIPAL DE EDUCAÇÃO BÁSICA TEREZA LOBO,DOM AQUINO,392,158,118,13,9,2,0,2,0,0,0,0,0,0,302,4,6,323,69,82.4%,17.6%,40.31%,30.1%
39,716,ESCOLA MUNICIPAL DE EDUCAÇÃO BÁSICA TEREZA LOBO,DOM AQUINO,392,176,108,5,6,3,0,0,2,0,0,0,0,0,300,4,6,323,69,82.4%,17.6%,44.9%,27.55%
39,686,ESCOLA MUNICIPAL DE EDUCAÇÃO BÁSICA DOUTOR FÁBIO FIRMINO LEITE,DOUTOR FÁBIO,360,142,105,14,4,8,0,0,1,0,1,0,0,0,275,3,5,297,63,82.5%,17.5%,39.44%,29.17%
39,687,ESCOLA MUNICIPAL DE EDUCAÇÃO BÁSICA DOUTOR FÁBIO FIRMINO LEITE,DOUTOR FÁBIO,359,147,116,11,7,8,0,0,0,0,0,0,0,0,289,3,5,296,63,82.45%,17.55%,40.95%,32.31%
39,688,ESCOLA MUNICIPAL DE EDUCAÇÃO BÁSICA DOUTOR FÁBIO FIRMINO LEITE,DOUTOR FÁBIO,365,140,111,9,7,10,0,1,0,0,0,0,0,0,278,3,5,301,64,82.47%,17.53%,38.36%,30.41%
39,689,ESCOLA MUNICIPAL DE EDUCAÇÃO BÁSICA DOUTOR FÁBIO FIRMINO LEITE,DOUTOR FÁBIO,356,176,96,8,4,2,0,0,0,0,0,0,0,0,286,3,5,293,63,82.3%,17.7%,49.44%,26.97%
39,690,ESCOLA MUNICIPAL DE EDUCAÇÃO BÁSICA DOUTOR FÁBIO FIRMINO LEITE,DOUTOR FÁBIO,360,144,113,6,4,5,0,0,1,0,0,1,0,0,274,3,5,297,63,82.5%,17.5%,40.0%,31.39%
39,691,ESCOLA MUNICIPAL DE EDUCAÇÃO BÁSICA DOUTOR FÁBIO FIRMINO LEITE,DOUTOR FÁBIO,361,158,107,11,4,2,0,0,0,0,0,0,0,0,282,3,5,297,64,82.27%,17.73%,43.77%,29.64%
39,692,ESCOLA MUNICIPAL DE EDUCAÇÃO BÁSICA DOUTOR FÁBIO FIRMINO LEITE,DOUTOR FÁBIO,360,144,111,5,5,5,1,2,0,0,0,0,0,0,273,3,5,297,63,82.5%,17.5%,40.0%,30.83%
39,693,ESCOLA MUNICIPAL DE EDUCAÇÃO BÁSICA DOUTOR FÁBIO FIRMINO LEITE,DOUTOR FÁBIO,364,130,123,18,7,5,0,0,2,0,0,0,0,0,285,3,5,300,64,82.42%,17.58%,35.71%,33.79%
39,695,ESCOLA MUNICIPAL DE EDUCAÇÃO BÁSICA DOUTOR FÁBIO FIRMINO LEITE,DOUTOR FÁBIO,362,152,112,6,10,6,1,0,1,0,0,0,0,0,288,3,5,298,64,82.32%,17.68%,41.99%,30.94%
39,698,ESCOLA MUNICIPAL DE EDUCAÇÃO BÁSICA DOUTOR FÁBIO FIRMINO LEITE,DOUTOR FÁBIO,368,163,115,14,6,6,0,0,0,0,0,0,0,0,304,3,5,303,65,82.34%,17.66%,44.29%,31.25%
39,710,ESCOLA ESTADUAL PROFESSOR JOÃO CRISÓSTOMO DE FIGUEIREDO,DOUTOR FÁBIO,377,160,106,7,5,4,0,0,0,0,0,0,0,0,282,3,6,311,66,82.49%,17.51%,42.44%,28.12%
39,725,ESCOLA ESTADUAL PROFESSOR JOÃO CRISÓSTOMO DE FIGUEIREDO,DOUTOR FÁBIO,361,131,105,11,4,4,1,1,0,0,0,1,1,0,259,3,5,297,64,82.27%,17.73%,36.29%,29.09%
39,732,ESCOLA ESTADUAL PROFESSOR JOÃO CRISÓSTOMO DE FIGUEIREDO,DOUTOR FÁBIO,378,129,112,8,13,9,0,0,1,0,0,0,0,0,272,3,6,311,67,82.28%,17.72%,34.13%,29.63%
39,736,ESCOLA ESTADUAL PROFESSOR JOÃO CRISÓSTOMO DE FIGUEIREDO,DOUTOR FÁBIO,384,137,92,5,1,5,0,0,0,0,0,0,1,1,242,3,6,316,68,82.29%,17.71%,35.68%,23.96%
39,737,ESCOLA MUNICIPAL DE EDUCAÇÃO BÁSICA DOUTOR FÁBIO FIRMINO LEITE,DOUTOR FÁBIO,353,124,104,6,7,4,1,0,1,0,0,0,0,0,247,3,5,291,62,82.44%,17.56%,35.13%,29.46%
39,738,ESCOLA ESTADUAL PROFESSOR JOÃO CRISÓSTOMO DE FIGUEIREDO,DOUTOR FÁBIO,288,113,92,4,5,8,2,0,0,0,0,0,0,0,224,3,4,237,51,82.29%,17.71%,39.24%,31.94%
39,480,CEJA PROF. VERA PEREIRA DO NASCIMENTO/ ESCOLA ESTADUAL RAIO DE SOL,GRANDE TERCEIRO,380,178,104,8,7,5,0,0,0,1,0,0,0,0,303,3,6,313,67,82.37%,17.63%,46.84%,27.37%
39,481,CEJA PROF. VERA PEREIRA DO NASCIMENTO/ ESCOLA ESTADUAL RAIO DE SOL,GRANDE TERCEIRO,379,165,110,7,3,10,1,1,1,0,0,0,0,0,298,3,6,312,67,82.32%,17.68%,43.54%,29.02%
39,482,CEJA PROF. VERA PEREIRA DO NASCIMENTO/ ESCOLA ESTADUAL RAIO DE SOL,GRANDE TERCEIRO,382,171,112,6,4,7,1,0,1,0,0,0,0,0,302,3,6,315,67,82.46%,17.54%,44.76%,29.32%
39,483,CEJA PROF. VERA PEREIRA DO NASCIMENTO/ ESCOLA ESTADUAL RAIO DE SOL,GRANDE TERCEIRO,380,175,91,4,5,10,0,0,0,0,0,0,0,0,285,3,6,313,67,82.37%,17.63%,46.05%,23.95%
39,484,CEJA PROF. VERA PEREIRA DO NASCIMENTO/ ESCOLA ESTADUAL RAIO DE SOL,GRANDE TERCEIRO,382,190,96,6,5,2,0,1,2,0,0,0,0,0,302,3,6,315,67,82.46%,17.54%,49.74%,25.13%
39,485,CEJA PROF. VERA PEREIRA DO NASCIMENTO/ ESCOLA ESTADUAL RAIO DE SOL,GRANDE TERCEIRO,381,187,82,7,7,7,2,1,0,0,0,0,0,0,293,3,6,314,67,82.41%,17.59%,49.08%,21.52%
39,487,CEJA PROF. VERA PEREIRA DO NASCIMENTO/ ESCOLA ESTADUAL RAIO DE SOL,GRANDE TERCEIRO,376,166,99,6,8,4,0,0,0,0,0,0,0,0,283,3,6,310,66,82.45%,17.55%,44.15%,26.33%
39,488,CEJA PROF. VERA PEREIRA DO NASCIMENTO/ ESCOLA ESTADUAL RAIO DE SOL,GRANDE TERCEIRO,376,193,79,5,4,5,0,0,0,0,0,0,0,0,286,3,6,310,66,82.45%,17.55%,51.33%,21.01%
39,489,CEJA PROF. VERA PEREIRA DO NASCIMENTO/ ESCOLA ESTADUAL RAIO DE SOL,GRANDE TERCEIRO,377,182,87,10,3,7,1,0,0,0,0,0,0,0,290,3,6,311,66,82.49%,17.51%,48.28%,23.08%
51,36,ESCOLA ESTADUAL CÍVICO-MILITAR VICTORINO MONTEIRO DA SILVA,ILZA TEREZINHA PICOLLI PAGOT,294,146,75,6,4,4,0,0,0,0,0,0,0,0,235,3,5,240,54,81.63%,18.37%,49.66%,25.51%
51,37,ESCOLA ESTADUAL CÍVICO-MILITAR VICTORINO MONTEIRO DA SILVA,ILZA TEREZINHA PICOLLI PAGOT,291,139,65,7,7,7,0,0,1,0,0,0,0,0,226,3,5,238,53,81.79%,18.21%,47.77%,22.34%
51,38,ESCOLA ESTADUAL CÍVICO-MILITAR VICTORINO MONTEIRO DA SILVA,ILZA TEREZINHA PICOLLI PAGOT,289,119,96,9,7,3,2,0,0,0,0,0,0,0,236,3,5,236,53,81.66%,18.34%,41.18%,33.22%
51,39,ESCOLA ESTADUAL CÍVICO-MILITAR VICTORINO MONTEIRO DA SILVA,ILZA TEREZINHA PICOLLI PAGOT,290,128,80,7,5,6,0,0,0,0,0,0,0,0,226,3,5,237,53,81.72%,18.28%,44.14%,27.59%
51,40,ESCOLA ESTADUAL CÍVICO-MILITAR VICTORINO MONTEIRO DA SILVA,ILZA TEREZINHA PICOLLI PAGOT,292,133,86,5,4,7,0,0,0,0,0,0,0,0,235,3,5,239,53,81.85%,18.15%,45.55%,29.45%
51,41,ESCOLA ESTADUAL CÍVICO-MILITAR VICTORINO MONTEIRO DA SILVA,ILZA TEREZINHA PICOLLI PAGOT,296,130,89,4,2,6,0,2,0,0,0,0,0,0,233,3,5,242,54,81.76%,18.24%,43.92%,30.07%
51,42,ESCOLA ESTADUAL CÍVICO-MILITAR VICTORINO MONTEIRO DA SILVA,ILZA TEREZINHA PICOLLI PAGOT,286,143,72,8,7,3,0,0,0,0,0,0,1,0,234,3,5,234,52,81.82%,18.18%,50.0%,25.17%
51,43,ESCOLA ESTADUAL CÍVICO-MILITAR VICTORINO MONTEIRO DA SILVA,ILZA TEREZINHA PICOLLI PAGOT,286,131,79,7,3,2,0,0,1,0,0,0,0,0,223,3,5,234,52,81.82%,18.18%,45.8%,27.62%
51,44,ESCOLA ESTADUAL CÍVICO-MILITAR VICTORINO MONTEIRO DA SILVA,ILZA TEREZINHA PICOLLI PAGOT,284,135,71,3,5,6,0,1,0,0,0,0,0,0,221,3,5,232,52,81.69%,18.31%,47.54%,25.0%
51,45,ESCOLA ESTADUAL CÍVICO-MILITAR VICTORINO MONTEIRO DA SILVA,ILZA TEREZINHA PICOLLI PAGOT,297,147,68,5,2,4,0,2,0,0,0,0,0,0,228,3,5,243,54,81.82%,18.18%,49.49%,22.9%
51,46,ESCOLA ESTADUAL CÍVICO-MILITAR VICTORINO MONTEIRO DA SILVA,ILZA TEREZINHA PICOLLI PAGOT,290,129,70,8,6,6,0,1,2,0,0,0,0,0,222,3,5,237,53,81.72%,18.28%,44.48%,24.14%
51,51,ESCOLA ESTADUAL CÍVICO-MILITAR VICTORINO MONTEIRO DA SILVA,ILZA TEREZINHA PICOLLI PAGOT,284,122,70,5,8,5,1,0,1,0,0,0,0,0,212,3,5,232,52,81.69%,18.31%,42.96%,24.65%
51,54,ESCOLA ESTADUAL CÍVICO-MILITAR VICTORINO MONTEIRO DA SILVA,ILZA TEREZINHA PICOLLI PAGOT,286,127,84,8,3,7,0,0,0,0,0,0,0,0,229,3,5,234,52,81.82%,18.18%,44.41%,29.37%
51,61,ESCOLA ESTADUAL CÍVICO-MILITAR VICTORINO MONTEIRO DA SILVA,ILZA TEREZINHA PICOLLI PAGOT,295,124,82,10,5,5,0,1,1,0,0,0,0,0,228,3,5,241,54,81.69%,18.31%,42.03%,27.8%
51,80,ESCOLA ESTADUAL CÍVICO-MILITAR VICTORINO MONTEIRO DA SILVA,ILZA TEREZINHA PICOLLI PAGOT,287,139,77,0,4,7,1,0,0,0,0,0,0,0,228,3,5,234,53,81.53%,18.47%,48.43%,26.83%
51,274,ESCOLA ESTADUAL CÍVICO-MILITAR VICTORINO MONTEIRO DA SILVA,ILZA TEREZINHA PICOLLI PAGOT,282,137,68,5,3,6,0,0,0,0,0,1,0,0,220,3,5,230,52,81.56%,18.44%,48.58%,24.11%
51,341,ESCOLA ESTADUAL CÍVICO-MILITAR VICTORINO MONTEIRO DA SILVA,ILZA TEREZINHA PICOLLI PAGOT,345,143,115,10,5,3,1,0,1,0,0,0,0,0,278,4,6,282,63,81.74%,18.26%,41.45%,33.33%
51,347,ESCOLA ESTADUAL CÍVICO-MILITAR VICTORINO MONTEIRO DA SILVA,ILZA TEREZINHA PICOLLI PAGOT,336,159,102,5,9,3,2,0,0,0,0,1,0,0,281,3,6,274,62,81.55%,18.45%,47.32%,30.36%
51,359,ESCOLA ESTADUAL CÍVICO-MILITAR VICTORINO MONTEIRO DA SILVA,ILZA TEREZINHA PICOLLI PAGOT,316,122,99,7,9,1,0,0,1,0,0,0,0,0,239,3,5,258,58,81.65%,18.35%,38.61%,31.33%
51,363,ESCOLA ESTADUAL CÍVICO-MILITAR VICTORINO MONTEIRO DA SILVA,ILZA TEREZINHA PICOLLI PAGOT,342,122,112,7,9,11,1,0,0,0,0,0,0,0,262,4,6,279,63,81.58%,18.42%,35.67%,32.75%
51,376,ESCOLA ESTADUAL CÍVICO-MILITAR VICTORINO MONTEIRO DA SILVA,ILZA TEREZINHA PICOLLI PAGOT,305,123,102,9,4,4,0,0,2,0,0,0,0,0,244,3,5,249,56,81.64%,18.36%,40.33%,33.44%
39,606,ESCOLA MUNICIPAL DE EDUCAÇÃO BÁSICA 12 DE OUTUBRO,ITAMARATI,270,89,93,13,3,4,0,1,0,0,0,0,0,0,203,2,4,222,48,82.22%,17.78%,32.96%,34.44%
39,607,ESCOLA MUNICIPAL DE EDUCAÇÃO BÁSICA 12 DE OUTUBRO,ITAMARATI,268,107,109,8,7,1,0,0,0,0,0,0,0,0,232,2,4,221,47,82.46%,17.54%,39.93%,40.67%
39,608,ESCOLA MUNICIPAL DE EDUCAÇÃO BÁSICA 12 DE OUTUBRO,ITAMARATI,272,116,106,9,2,2,0,0,1,0,0,0,0,0,236,2,4,224,48,82.35%,17.65%,42.65%,38.97%
39,609,ESCOLA MUNICIPAL DE EDUCAÇÃO BÁSICA 12 DE OUTUBRO,ITAMARATI,272,119,85,10,5,1,1,0,0,0,0,0,0,0,221,2,4,224,48,82.35%,17.65%,43.75%,31.25%
39,610,ESCOLA MUNICIPAL DE EDUCAÇÃO BÁSICA 12 DE OUTUBRO,ITAMARATI,266,108,104,7,3,6,0,0,0,0,0,0,0,0,228,2,4,219,47,82.33%,17.67%,40.6%,39.1%
39,660,ESCOLA ESTADUAL PROFESSORA CLÊINIA ROSALINA DE SOUZA,ITAMARATI,395,176,120,4,7,8,1,1,1,0,0,1,0,0,319,4,6,325,70,82.28%,17.72%,44.56%,30.38%
39,661,ESCOLA ESTADUAL PROFESSORA CLÊINIA ROSALINA DE SOUZA,ITAMARATI,390,192,91,13,7,11,1,0,0,0,0,0,0,0,315,4,6,321,69,82.31%,17.69%,49.23%,23.33%
39,699,ESCOLA ESTADUAL PROFESSORA CLÊINIA ROSALINA DE SOUZA,ITAMARATI,392,183,115,11,7,7,0,0,0,0,0,0,0,0,323,4,6,323,69,82.4%,17.6%,46.68%,29.34%
55,191,ESCOLA MUNICIPAL SILVA FREIRE,ITAPAJÉ,394,183,122,8,9,6,1,0,0,1,0,0,0,0,330,5,7,318,76,80.71%,19.29%,46.45%,30.96%
55,192,ESCOLA MUNICIPAL SILVA FREIRE,ITAPAJÉ,397,197,103,17,9,8,0,1,0,0,0,0,0,0,335,5,7,320,77,80.6%,19.4%,49.62%,25.94%
55,207,ESCOLA MUNICIPAL SILVA FREIRE,ITAPAJÉ,393,200,98,5,12,5,1,2,0,0,0,0,0,0,323,4,7,317,76,80.66%,19.34%,50.89%,24.94%
55,262,ESCOLA MUNICIPAL SILVA FREIRE,ITAPAJÉ,395,193,87,12,12,7,2,0,0,0,0,0,0,0,313,5,7,318,77,80.51%,19.49%,48.86%,22.03%
55,276,ESCOLA MUNICIPAL SILVA FREIRE,ITAPAJÉ,396,180,105,8,18,7,5,1,0,0,0,0,0,0,324,5,7,319,77,80.56%,19.44%,45.45%,26.52%
55,284,ESCOLA MUNICIPAL SILVA FREIRE,ITAPAJÉ,395,211,93,10,4,5,0,2,0,0,0,0,0,0,325,5,7,318,77,80.51%,19.49%,53.42%,23.54%
55,294,ESCOLA MUNICIPAL SILVA FREIRE,ITAPAJÉ,399,186,95,10,12,6,0,1,1,0,0,0,0,0,311,5,7,322,77,80.7%,19.3%,46.62%,23.81%
51,277,ESCOLA ESTADUAL PROFESSORA DIVA HUGUENEY SIQUEIRA BASTOS,JARDIM AROEIRA,378,185,97,10,5,5,0,0,0,0,0,0,0,0,302,4,6,309,69,81.75%,18.25%,48.94%,25.66%
51,294,ESCOLA ESTADUAL PROFESSORA DIVA HUGUENEY SIQUEIRA BASTOS,JARDIM AROEIRA,379,175,89,11,9,12,1,1,0,0,0,0,0,0,298,4,6,310,69,81.79%,18.21%,46.17%,23.48%
51,305,ESCOLA ESTADUAL PROFESSORA DIVA HUGUENEY SIQUEIRA BASTOS,JARDIM AROEIRA,382,168,108,16,9,6,0,0,1,0,0,0,0,1,309,4,6,312,70,81.68%,18.32%,43.98%,28.27%
51,317,ESCOLA ESTADUAL PROFESSORA DIVA HUGUENEY SIQUEIRA BASTOS,JARDIM AROEIRA,373,159,115,12,6,7,0,1,1,0,0,0,0,0,301,4,6,305,68,81.77%,18.23%,42.63%,30.83%
51,337,ESCOLA ESTADUAL PROFESSORA DIVA HUGUENEY SIQUEIRA BASTOS,JARDIM AROEIRA,379,182,99,10,11,7,1,0,0,0,0,0,0,0,310,4,6,310,69,81.79%,18.21%,48.02%,26.12%
51,344,ESCOLA ESTADUAL PROFESSORA DIVA HUGUENEY SIQUEIRA BASTOS,JARDIM AROEIRA,374,177,97,6,10,7,0,1,1,0,0,0,0,0,299,4,6,306,68,81.82%,18.18%,47.33%,25.94%
51,349,ESCOLA ESTADUAL PROFESSORA DIVA HUGUENEY SIQUEIRA BASTOS,JARDIM AROEIRA,382,181,101,14,4,6,1,1,0,0,0,0,0,0,308,4,6,312,70,81.68%,18.32%,47.38%,26.44%
51,360,ESCOLA ESTADUAL PROFESSORA DIVA HUGUENEY SIQUEIRA BASTOS,JARDIM AROEIRA,376,154,100,10,4,16,0,0,0,0,0,0,0,0,284,4,6,307,69,81.65%,18.35%,40.96%,26.6%
51,362,ESCOLA ESTADUAL PROFESSORA DIVA HUGUENEY SIQUEIRA BASTOS,JARDIM AROEIRA,376,175,90,6,3,11,1,0,2,0,0,0,0,0,288,4,6,307,69,81.65%,18.35%,46.54%,23.94%
51,371,ESCOLA ESTADUAL PROFESSORA DIVA HUGUENEY SIQUEIRA BASTOS,JARDIM AROEIRA,377,151,114,15,7,8,0,0,1,0,0,0,0,0,296,4,6,308,69,81.7%,18.3%,40.05%,30.24%
55,193,ESCOLA MUNICIPAL TEREZA BENGUELA,JARDIM COMODORO,325,174,84,8,4,5,0,0,0,0,0,0,0,0,275,4,6,262,63,80.62%,19.38%,53.54%,25.85%
55,194,ESCOLA MUNICIPAL TEREZA BENGUELA,JARDIM COMODORO,328,179,78,7,10,7,0,1,1,0,0,0,0,0,283,4,6,264,64,80.49%,19.51%,54.57%,23.78%
55,285,ESCOLA MUNICIPAL TEREZA BENGUELA,JARDIM COMODORO,326,166,80,4,6,7,1,0,0,0,0,0,0,0,264,4,6,263,63,80.67%,19.33%,50.92%,24.54%
1,982,ESCOLA ESTADUAL PROFESSOR ULISSES CUIABANO,JARDIM CUIABÁ,351,206,65,5,4,8,1,0,0,0,0,0,0,0,289,3,5,290,61,82.62%,17.38%,58.69%,18.52%
1,983,ESCOLA ESTADUAL PROFESSOR ULISSES CUIABANO,JARDIM CUIABÁ,355,189,76,4,3,6,0,1,1,0,0,0,0,0,280,3,5,293,62,82.54%,17.46%,53.24%,21.41%
1,984,ESCOLA ESTADUAL PROFESSOR ULISSES CUIABANO,JARDIM CUIABÁ,355,194,71,7,7,6,4,1,1,0,0,0,0,0,291,3,5,293,62,82.54%,17.46%,54.65%,20.0%
1,985,ESCOLA ESTADUAL PROFESSOR ULISSES CUIABANO,JARDIM CUIABÁ,354,184,57,9,8,8,1,1,0,0,0,1,0,0,269,3,5,292,62,82.49%,17.51%,51.98%,16.1%
1,986,ESCOLA ESTADUAL PROFESSOR ULISSES CUIABANO,JARDIM CUIABÁ,352,193,68,5,7,6,0,1,0,0,0,0,0,0,280,3,5,291,61,82.67%,17.33%,54.83%,19.32%
1,987,ESCOLA ESTADUAL PROFESSOR ULISSES CUIABANO,JARDIM CUIABÁ,355,212,62,5,7,7,0,0,0,0,0,0,0,0,293,3,5,293,62,82.54%,17.46%,59.72%,17.46%
1,988,ESCOLA ESTADUAL PROFESSOR ULISSES CUIABANO,JARDIM CUIABÁ,353,188,64,11,5,8,0,2,1,0,0,0,1,0,280,3,5,292,61,82.72%,17.28%,53.26%,18.13%
1,989,ESCOLA ESTADUAL PROFESSOR ULISSES CUIABANO,JARDIM CUIABÁ,352,197,64,6,7,8,2,2,0,0,0,0,0,0,286,3,5,291,61,82.67%,17.33%,55.97%,18.18%
1,990,ESCOLA ESTADUAL PROFESSOR ULISSES CUIABANO,JARDIM CUIABÁ,355,198,53,3,4,16,3,0,0,0,0,0,0,0,277,3,5,293,62,82.54%,17.46%,55.77%,14.93%
1,991,ESCOLA ESTADUAL PROFESSOR ULISSES CUIABANO,JARDIM CUIABÁ,353,200,58,10,8,6,0,0,1,0,0,0,0,0,283,3,5,292,61,82.72%,17.28%,56.66%,16.43%
1,992,ESCOLA ESTADUAL PROFESSOR ULISSES CUIABANO,JARDIM CUIABÁ,353,191,67,8,5,16,1,0,0,0,0,0,0,0,288,3,5,292,61,82.72%,17.28%,54.11%,18.98%
55,24,ESCOLA MUNICIPAL MINISTRO MARCOS FREIRE,JARDIM DOS IPÊS,300,134,80,9,8,5,0,0,0,0,0,0,0,0,236,3,5,242,58,80.67%,19.33%,44.67%,26.67%
55,25,ESCOLA MUNICIPAL MINISTRO MARCOS FREIRE,JARDIM DOS IPÊS,301,166,68,7,4,4,0,0,0,0,0,0,0,0,249,3,5,243,58,80.73%,19.27%,55.15%,22.59%
55,51,ESCOLA MUNICIPAL MINISTRO MARCOS FREIRE,JARDIM DOS IPÊS,304,153,76,13,8,4,0,0,1,0,0,0,0,0,255,3,5,245,59,80.59%,19.41%,50.33%,25.0%
55,69,ESCOLA MUNICIPAL MINISTRO MARCOS FREIRE,JARDIM DOS IPÊS,298,136,83,8,6,7,0,1,0,0,0,0,0,0,241,3,5,240,58,80.54%,19.46%,45.64%,27.85%
55,82,ESCOLA MUNICIPAL MINISTRO MARCOS FREIRE,JARDIM DOS IPÊS,300,140,88,10,6,3,0,1,1,0,0,3,0,0,252,3,5,242,58,80.67%,19.33%,46.67%,29.33%
55,116,ESCOLA MUNICIPAL MINISTRO MARCOS FREIRE,JARDIM DOS IPÊS,301,158,76,4,3,4,1,0,1,0,0,1,0,0,248,3,5,243,58,80.73%,19.27%,52.49%,25.25%
39,641,ESCOLA MUNICIPAL FRANCISCA FIGUEIREDO DE ARRUDA MARTINS-CAIC ELDORADO,JARDIM ELDORADO,305,122,112,4,5,3,1,0,2,0,0,0,0,0,249,3,5,251,54,82.3%,17.7%,40.0%,36.72%
39,642,ESCOLA MUNICIPAL FRANCISCA FIGUEIREDO DE ARRUDA MARTINS-CAIC ELDORADO,JARDIM ELDORADO,310,123,95,6,7,5,0,0,1,0,0,0,0,0,237,3,5,255,55,82.26%,17.74%,39.68%,30.65%
39,643,ESCOLA MUNICIPAL FRANCISCA FIGUEIREDO DE ARRUDA MARTINS-CAIC ELDORADO,JARDIM ELDORADO,305,120,121,3,6,6,0,0,0,0,0,0,0,0,256,3,5,251,54,82.3%,17.7%,39.34%,39.67%
39,644,ESCOLA MUNICIPAL FRANCISCA FIGUEIREDO DE ARRUDA MARTINS-CAIC ELDORADO,JARDIM ELDORADO,307,117,114,6,3,3,1,1,1,1,0,0,0,0,247,3,5,253,54,82.41%,17.59%,38.11%,37.13%
39,645,ESCOLA MUNICIPAL FRANCISCA FIGUEIREDO DE ARRUDA MARTINS-CAIC ELDORADO,JARDIM ELDORADO,308,139,85,2,4,5,1,0,0,0,0,0,0,0,236,3,5,254,54,82.47%,17.53%,45.13%,27.6%
39,676,ESCOLA MUNICIPAL FRANCISCA FIGUEIREDO DE ARRUDA MARTINS-CAIC ELDORADO,JARDIM ELDORADO,310,148,96,2,6,6,0,1,1,0,0,0,0,0,260,3,5,255,55,82.26%,17.74%,47.74%,30.97%
39,705,ESCOLA MUNICIPAL FRANCISCA FIGUEIREDO DE ARRUDA MARTINS-CAIC ELDORADO,JARDIM ELDORADO,310,141,96,5,5,4,0,0,0,0,0,0,0,0,251,3,5,255,55,82.26%,17.74%,45.48%,30.97%
51,58,ESCOLA MUNICIPAL ANTONIA TITA MACIEL CAMPOS,JARDIM FLORIANÓPOLIS,372,138,123,12,12,2,1,2,0,0,0,0,0,0,290,4,6,304,68,81.72%,18.28%,37.1%,33.06%
51,77,ESCOLA MUNICIPAL ANTONIA TITA MACIEL CAMPOS,JARDIM FLORIANÓPOLIS,377,167,89,11,11,7,0,0,0,0,1,0,0,0,286,4,6,308,69,81.7%,18.3%,44.3%,23.61%
51,85,ESCOLA MUNICIPAL ANTONIA TITA MACIEL CAMPOS,JARDIM FLORIANÓPOLIS,382,161,111,7,11,3,2,2,0,0,0,0,0,0,297,4,6,312,70,81.68%,18.32%,42.15%,29.06%
51,98,ESCOLA MUNICIPAL ANTONIA TITA MACIEL CAMPOS,JARDIM FLORIANÓPOLIS,371,166,105,12,5,7,0,1,0,0,0,0,0,0,296,4,6,303,68,81.67%,18.33%,44.74%,28.3%
51,113,ESCOLA MUNICIPAL ANTONIA TITA MACIEL CAMPOS,JARDIM FLORIANÓPOLIS,375,149,119,7,11,2,1,1,0,0,0,0,0,0,290,4,6,306,69,81.6%,18.4%,39.73%,31.73%
51,127,ESCOLA MUNICIPAL ANTONIA TITA MACIEL CAMPOS,JARDIM FLORIANÓPOLIS,376,144,117,13,7,3,0,1,0,0,0,0,0,0,285,4,6,307,69,81.65%,18.35%,38.3%,31.12%
51,150,ESCOLA MUNICIPAL ANTONIA TITA MACIEL CAMPOS,JARDIM FLORIANÓPOLIS,372,162,112,17,5,4,0,1,2,1,0,0,0,0,304,4,6,304,68,81.72%,18.28%,43.55%,30.11%
51,262,ESCOLA MUNICIPAL ANTONIA TITA MACIEL CAMPOS,JARDIM FLORIANÓPOLIS,374,159,109,11,12,10,1,0,1,0,0,0,0,0,303,4,6,306,68,81.82%,18.18%,42.51%,29.14%
51,288,ESCOLA MUNICIPAL ANTONIA TITA MACIEL CAMPOS,JARDIM FLORIANÓPOLIS,377,152,107,17,5,8,0,2,2,0,0,0,0,0,293,4,6,308,69,81.7%,18.3%,40.32%,28.38%
51,306,ESCOLA MUNICIPAL ANTONIA TITA MACIEL CAMPOS,JARDIM FLORIANÓPOLIS,377,157,109,18,9,8,0,2,1,0,0,0,0,0,304,4,6,308,69,81.7%,18.3%,41.64%,28.91%
51,340,ESCOLA MUNICIPAL ANTONIA TITA MACIEL CAMPOS,JARDIM FLORIANÓPOLIS,378,179,109,5,7,7,0,0,0,0,0,0,0,0,307,4,6,309,69,81.75%,18.25%,47.35%,28.84%
51,353,ESCOLA MUNICIPAL ANTONIA TITA MACIEL CAMPOS,JARDIM FLORIANÓPOLIS,381,169,88,13,6,3,0,1,0,0,0,0,0,0,280,4,6,311,70,81.63%,18.37%,44.36%,23.1%
51,378,ESCOLA MUNICIPAL ANTONIA TITA MACIEL CAMPOS,JARDIM FLORIANÓPOLIS,380,147,111,9,8,11,1,0,1,0,0,0,0,0,288,4,6,310,70,81.58%,18.42%,38.68%,29.21%
55,74,ESCOLA MUNICIPAL CONSTANÇA FIGUEIREDO PALMA (BEM BEM),JARDIM FORTALEZA,352,136,118,12,10,6,0,2,0,0,0,0,0,0,284,4,6,284,68,80.68%,19.32%,38.64%,33.52%
55,84,ESCOLA MUNICIPAL CONSTANÇA FIGUEIREDO PALMA (BEM BEM),JARDIM FORTALEZA,347,107,135,2,8,9,1,2,1,0,0,0,0,0,265,4,6,280,67,80.69%,19.31%,30.84%,38.9%
55,85,ESCOLA MUNICIPAL CONSTANÇA FIGUEIREDO PALMA (BEM BEM),JARDIM FORTALEZA,348,121,134,5,6,2,0,0,0,0,0,0,0,0,268,4,6,281,67,80.75%,19.25%,34.77%,38.51%
55,91,ESCOLA MUNICIPAL CONSTANÇA FIGUEIREDO PALMA (BEM BEM),JARDIM FORTALEZA,337,128,132,5,7,5,0,0,1,0,0,0,1,0,279,4,6,272,65,80.71%,19.29%,37.98%,39.17%
55,102,ESCOLA MUNICIPAL CONSTANÇA FIGUEIREDO PALMA (BEM BEM),JARDIM FORTALEZA,343,127,131,8,4,6,1,1,0,0,0,0,0,0,278,4,6,276,67,80.47%,19.53%,37.03%,38.19%
55,117,ESCOLA MUNICIPAL CONSTANÇA FIGUEIREDO PALMA (BEM BEM),JARDIM FORTALEZA,345,131,117,6,3,3,0,0,1,0,0,0,0,0,261,4,6,278,67,80.58%,19.42%,37.97%,33.91%
55,212,ESCOLA MUNICIPAL CONSTANÇA FIGUEIREDO PALMA (BEM BEM),JARDIM FORTALEZA,346,128,123,7,6,4,0,0,0,0,0,0,0,0,268,4,6,279,67,80.64%,19.36%,36.99%,35.55%
55,253,ESCOLA MUNICIPAL CONSTANÇA FIGUEIREDO PALMA (BEM BEM),JARDIM FORTALEZA,347,127,127,9,5,1,0,0,0,0,0,0,0,0,269,4,6,280,67,80.69%,19.31%,36.6%,36.6%
55,335,ESCOLA MUNICIPAL CONSTANÇA FIGUEIREDO PALMA (BEM BEM),JARDIM FORTALEZA,341,106,117,8,3,8,1,1,0,0,0,0,0,0,244,4,6,275,66,80.65%,19.35%,31.09%,34.31%
39,623,ESCOLA MUNICIPAL DE EDUCAÇÃO BÁSICA PROFESSORA MARIA AMBRÓSIO POMMOT,JARDIM IMPERIAL,395,198,92,6,6,7,4,2,1,0,0,0,0,0,316,4,6,325,70,82.28%,17.72%,50.13%,23.29%
39,624,ESCOLA MUNICIPAL DE EDUCAÇÃO BÁSICA PROFESSORA MARIA AMBRÓSIO POMMOT,JARDIM IMPERIAL,396,190,106,10,5,5,2,0,0,0,0,0,0,0,318,4,6,326,70,82.32%,17.68%,47.98%,26.77%
39,625,ESCOLA MUNICIPAL DE EDUCAÇÃO BÁSICA PROFESSORA MARIA AMBRÓSIO POMMOT,JARDIM IMPERIAL,390,184,106,9,5,13,2,0,1,0,0,0,0,0,320,4,6,321,69,82.31%,17.69%,47.18%,27.18%
39,626,ESCOLA MUNICIPAL DE EDUCAÇÃO BÁSICA PROFESSORA MARIA AMBRÓSIO POMMOT,JARDIM IMPERIAL,390,182,106,14,8,10,1,0,0,0,0,0,1,0,322,4,6,321,69,82.31%,17.69%,46.67%,27.18%
39,627,ESCOLA MUNICIPAL DE EDUCAÇÃO BÁSICA PROFESSORA MARIA AMBRÓSIO POMMOT,JARDIM IMPERIAL,394,182,100,14,11,13,1,2,0,1,0,0,0,0,324,4,6,325,69,82.49%,17.51%,46.19%,25.38%
39,628,ESCOLA MUNICIPAL DE EDUCAÇÃO BÁSICA PROFESSORA MARIA AMBRÓSIO POMMOT,JARDIM IMPERIAL,391,192,79,12,10,10,1,0,1,0,0,0,0,0,305,4,6,322,69,82.35%,17.65%,49.1%,20.2%
39,629,ESCOLA MUNICIPAL DE EDUCAÇÃO BÁSICA PROFESSORA MARIA AMBRÓSIO POMMOT,JARDIM IMPERIAL,390,201,98,4,6,8,0,0,1,0,0,0,0,0,318,4,6,321,69,82.31%,17.69%,51.54%,25.13%
39,630,ESCOLA MUNICIPAL DE EDUCAÇÃO BÁSICA PROFESSORA MARIA AMBRÓSIO POMMOT,JARDIM IMPERIAL,393,183,104,6,11,10,4,0,1,0,0,0,0,0,319,4,6,324,69,82.44%,17.56%,46.56%,26.46%
39,631,ESCOLA MUNICIPAL DE EDUCAÇÃO BÁSICA PROFESSORA MARIA AMBRÓSIO POMMOT,JARDIM IMPERIAL,394,191,86,16,14,8,2,0,0,0,0,0,0,1,318,4,6,325,69,82.49%,17.51%,48.48%,21.83%
39,632,ESCOLA MUNICIPAL DE EDUCAÇÃO BÁSICA PROFESSORA MARIA AMBRÓSIO POMMOT,JARDIM IMPERIAL,395,194,91,15,11,8,3,2,0,0,0,0,0,0,324,4,6,325,70,82.28%,17.72%,49.11%,23.04%
39,633,ESCOLA MUNICIPAL DE EDUCAÇÃO BÁSICA PROFESSORA MARIA AMBRÓSIO POMMOT,JARDIM IMPERIAL,394,204,90,11,10,8,1,2,0,0,0,0,0,0,326,4,6,325,69,82.49%,17.51%,51.78%,22.84%
39,694,ESCOLA MUNICIPAL DE EDUCAÇÃO BÁSICA PROFESSORA MARIA AMBRÓSIO POMMOT,JARDIM IMPERIAL,395,198,87,15,10,7,3,1,0,0,0,0,0,0,321,4,6,325,70,82.28%,17.72%,50.13%,22.03%
39,700,CENTRO MUNICIPAL DE EDUCAÇÃO INFANTIL MANOEL DE BARROS,JARDIM IMPERIAL,399,204,93,17,7,9,3,1,0,0,0,0,0,0,334,4,6,329,70,82.46%,17.54%,51.13%,23.31%
39,703,ESCOLA MUNICIPAL PROFESSOR CARLOS ALBERTO REYES MALDONADO,JARDIM IMPERIAL,384,197,79,18,13,7,2,1,0,0,0,0,0,0,317,3,6,316,68,82.29%,17.71%,51.3%,20.57%
39,707,CENTRO MUNICIPAL DE EDUCAÇÃO INFANTIL MANOEL DE BARROS,JARDIM IMPERIAL,398,243,68,16,8,6,1,0,0,0,0,0,0,0,342,4,6,328,70,82.41%,17.59%,61.06%,17.09%
39,711,CENTRO MUNICIPAL DE EDUCAÇÃO INFANTIL MANOEL DE BARROS,JARDIM IMPERIAL,397,208,100,15,5,4,3,0,0,0,0,0,0,0,335,4,6,327,70,82.37%,17.63%,52.39%,25.19%
39,712,CENTRO MUNICIPAL DE EDUCAÇÃO INFANTIL MANOEL DE BARROS,JARDIM IMPERIAL,398,208,67,13,9,15,2,1,0,0,0,0,0,0,315,4,6,328,70,82.41%,17.59%,52.26%,16.83%
39,717,CENTRO MUNICIPAL DE EDUCAÇÃO INFANTIL MANOEL DE BARROS,JARDIM IMPERIAL,397,206,76,10,5,7,5,0,0,0,0,0,0,0,309,4,6,327,70,82.37%,17.63%,51.89%,19.14%
39,718,ESCOLA MUNICIPAL PROFESSOR CARLOS ALBERTO REYES MALDONADO,JARDIM IMPERIAL,381,193,75,6,6,13,1,1,0,0,0,0,0,0,295,3,6,314,67,82.41%,17.59%,50.66%,19.69%
39,720,CENTRO MUNICIPAL DE EDUCAÇÃO INFANTIL MANOEL DE BARROS,JARDIM IMPERIAL,393,206,75,14,8,10,0,1,0,0,0,0,0,0,314,4,6,324,69,82.44%,17.56%,52.42%,19.08%
39,722,ESCOLA MUNICIPAL PROFESSOR CARLOS ALBERTO REYES MALDONADO,JARDIM IMPERIAL,375,186,74,10,6,8,2,0,2,0,0,0,0,0,288,3,6,309,66,82.4%,17.6%,49.6%,19.73%
39,726,ESCOLA MUNICIPAL PROFESSOR CARLOS ALBERTO REYES MALDONADO,JARDIM IMPERIAL,370,181,73,10,4,13,1,0,0,0,0,0,1,0,283,3,5,305,65,82.43%,17.57%,48.92%,19.73%
39,734,ESCOLA MUNICIPAL PROFESSOR CARLOS ALBERTO REYES MALDONADO,JARDIM IMPERIAL,383,197,88,8,9,11,0,1,0,0,0,1,0,0,315,3,6,315,68,82.25%,17.75%,51.44%,22.98%
39,739,ESCOLA MUNICIPAL PROFESSOR CARLOS ALBERTO REYES MALDONADO,JARDIM IMPERIAL,351,176,103,9,4,18,1,3,1,0,0,0,0,0,315,3,5,289,62,82.34%,17.66%,50.14%,29.34%
39,740,ESCOLA MUNICIPAL DE EDUCAÇÃO BÁSICA PROFESSORA MARIA AMBRÓSIO POMMOT,JARDIM IMPERIAL,398,218,99,8,8,11,0,2,1,0,0,0,1,0,348,4,6,328,70,82.41%,17.59%,54.77%,24.87%
1,1024,ESCOLA MUNICIPAL DE ENSINO BÁSICO PROFESSORA ALZIRA VALLADARES,JARDIM INDEPENDÊNCIA,309,173,71,3,3,5,0,1,0,0,0,0,0,0,256,3,4,255,54,82.52%,17.48%,55.99%,22.98%
1,1025,ESCOLA MUNICIPAL DE ENSINO BÁSICO PROFESSORA ALZIRA VALLADARES,JARDIM INDEPENDÊNCIA,309,176,53,7,7,4,1,0,1,0,0,0,0,0,249,3,4,255,54,82.52%,17.48%,56.96%,17.15%
1,1026,ESCOLA MUNICIPAL DE ENSINO BÁSICO PROFESSORA ALZIRA VALLADARES,JARDIM INDEPENDÊNCIA,320,176,68,4,10,6,1,0,0,0,0,0,0,0,265,3,4,264,56,82.5%,17.5%,55.0%,21.25%
1,1027,ESCOLA MUNICIPAL DE ENSINO BÁSICO PROFESSORA ALZIRA VALLADARES,JARDIM INDEPENDÊNCIA,310,167,63,3,7,5,0,1,0,0,0,0,0,0,246,3,4,256,54,82.58%,17.42%,53.87%,20.32%
1,1127,ESCOLA MUNICIPAL DE ENSINO BÁSICO PROFESSORA ALZIRA VALLADARES,JARDIM INDEPENDÊNCIA,308,138,73,12,14,3,0,2,1,0,0,0,0,0,243,2,4,254,54,82.47%,17.53%,44.81%,23.7%
1,1128,ESCOLA MUNICIPAL DE ENSINO BÁSICO PROFESSORA ALZIRA VALLADARES,JARDIM INDEPENDÊNCIA,307,162,74,10,6,4,1,0,0,0,0,0,0,0,257,2,4,254,53,82.74%,17.26%,52.77%,24.1%
1,1129,ESCOLA MUNICIPAL DE ENSINO BÁSICO PROFESSORA ALZIRA VALLADARES,JARDIM INDEPENDÊNCIA,311,153,85,7,1,8,2,0,0,0,0,0,0,0,256,3,4,257,54,82.64%,17.36%,49.2%,27.33%
1,1130,ESCOLA MUNICIPAL DE ENSINO BÁSICO PROFESSORA ALZIRA VALLADARES,JARDIM INDEPENDÊNCIA,305,145,93,5,6,2,1,1,0,0,0,0,0,0,253,2,4,252,53,82.62%,17.38%,47.54%,30.49%
1,1131,ESCOLA MUNICIPAL DE ENSINO BÁSICO PROFESSORA ALZIRA VALLADARES,JARDIM INDEPENDÊNCIA,309,164,90,6,5,4,3,0,0,0,0,0,0,0,272,3,4,255,54,82.52%,17.48%,53.07%,29.13%
1,1146,ESCOLA MUNICIPAL DE ENSINO BÁSICO ADELINA PEREIRA VENTURA,JARDIM INDEPENDÊNCIA,269,149,71,9,4,4,1,0,0,0,0,0,0,0,238,2,4,222,47,82.53%,17.47%,55.39%,26.39%
1,1147,ESCOLA MUNICIPAL DE ENSINO BÁSICO ADELINA PEREIRA VENTURA,JARDIM INDEPENDÊNCIA,265,138,67,7,6,3,0,0,0,0,0,0,0,0,221,2,4,219,46,82.64%,17.36%,52.08%,25.28%
1,1148,ESCOLA MUNICIPAL DE ENSINO BÁSICO ADELINA PEREIRA VENTURA,JARDIM INDEPENDÊNCIA,266,133,76,14,4,2,0,0,0,0,0,0,0,0,229,2,4,220,46,82.71%,17.29%,50.0%,28.57%
1,1149,ESCOLA MUNICIPAL DE ENSINO BÁSICO ADELINA PEREIRA VENTURA,JARDIM INDEPENDÊNCIA,260,144,64,13,5,3,0,1,0,0,0,0,0,0,230,2,3,215,45,82.69%,17.31%,55.38%,24.62%
1,1169,ESCOLA MUNICIPAL DE ENSINO BÁSICO PROFESSORA ALZIRA VALLADARES,JARDIM INDEPENDÊNCIA,306,167,56,6,5,7,0,1,0,0,0,0,0,0,242,2,4,253,53,82.68%,17.32%,54.58%,18.3%
1,1181,ESCOLA MUNICIPAL DE ENSINO BÁSICO PROFESSORA ALZIRA VALLADARES,JARDIM INDEPENDÊNCIA,306,141,63,6,8,9,0,1,0,0,0,0,0,0,228,2,4,253,53,82.68%,17.32%,46.08%,20.59%
55,56,ESCOLA MUNICIPAL DARCY RIBEIRO,JARDIM INDUSTRIÁRIO I,347,164,78,5,7,4,1,1,0,0,1,0,0,0,261,4,6,280,67,80.69%,19.31%,47.26%,22.48%
55,76,ESCOLA MUNICIPAL DARCY RIBEIRO,JARDIM INDUSTRIÁRIO I,344,174,84,5,7,3,2,0,0,1,0,0,0,0,276,4,6,277,67,80.52%,19.48%,50.58%,24.42%
55,93,ESCOLA MUNICIPAL DARCY RIBEIRO,JARDIM INDUSTRIÁRIO I,348,176,80,3,7,2,0,0,1,0,0,0,0,0,269,4,6,281,67,80.75%,19.25%,50.57%,22.99%
55,107,ESCOLA MUNICIPAL DARCY RIBEIRO,JARDIM INDUSTRIÁRIO I,342,191,68,4,6,4,0,0,0,0,0,0,0,0,273,4,6,276,66,80.7%,19.3%,55.85%,19.88%
55,125,ESCOLA MUNICIPAL DARCY RIBEIRO,JARDIM INDUSTRIÁRIO I,342,184,75,10,5,1,0,0,0,0,0,0,0,0,275,4,6,276,66,80.7%,19.3%,53.8%,21.93%
55,222,ESCOLA MUNICIPAL DARCY RIBEIRO,JARDIM INDUSTRIÁRIO I,343,186,67,8,6,2,0,0,0,0,0,0,0,0,269,4,6,276,67,80.47%,19.53%,54.23%,19.53%
55,255,ESCOLA MUNICIPAL DARCY RIBEIRO,JARDIM INDUSTRIÁRIO I,342,188,87,7,1,5,2,0,0,0,0,0,0,0,290,4,6,276,66,80.7%,19.3%,54.97%,25.44%
55,290,ESCOLA MUNICIPAL DARCY RIBEIRO,JARDIM INDUSTRIÁRIO I,344,188,70,9,3,2,0,1,0,0,0,0,0,0,273,4,6,277,67,80.52%,19.48%,54.65%,20.35%
55,336,ESCOLA MUNICIPAL DARCY RIBEIRO,JARDIM INDUSTRIÁRIO I,327,146,64,5,6,4,0,0,0,0,0,0,0,0,225,4,6,264,63,80.73%,19.27%,44.65%,19.57%
55,57,ESCOLA MUNICIPAL ANA TEREZA ARCOS KRAUSE,JARDIM INDUSTRIÁRIO II,371,145,126,6,8,8,1,0,2,0,0,0,0,0,296,4,7,299,72,80.59%,19.41%,39.08%,33.96%
55,63,ESCOLA MUNICIPAL ANA TEREZA ARCOS KRAUSE,JARDIM INDUSTRIÁRIO II,364,163,93,6,13,4,1,0,2,0,0,0,0,0,282,4,7,293,71,80.49%,19.51%,44.78%,25.55%
55,77,ESCOLA MUNICIPAL ANA TEREZA ARCOS KRAUSE,JARDIM INDUSTRIÁRIO II,365,157,109,7,6,4,1,0,2,0,0,0,0,0,286,4,7,294,71,80.55%,19.45%,43.01%,29.86%
55,92,ESCOLA MUNICIPAL ANA TEREZA ARCOS KRAUSE,JARDIM INDUSTRIÁRIO II,364,164,101,6,9,7,0,1,0,0,0,0,0,0,288,4,7,293,71,80.49%,19.51%,45.05%,27.75%
55,113,ESCOLA MUNICIPAL ANA TEREZA ARCOS KRAUSE,JARDIM INDUSTRIÁRIO II,368,166,112,11,7,4,1,0,0,0,0,0,0,0,301,4,7,297,71,80.71%,19.29%,45.11%,30.43%
55,213,ESCOLA MUNICIPAL ANA TEREZA ARCOS KRAUSE,JARDIM INDUSTRIÁRIO II,367,174,97,7,11,3,0,0,0,0,0,0,0,0,292,4,7,296,71,80.65%,19.35%,47.41%,26.43%
55,242,ESCOLA MUNICIPAL ANA TEREZA ARCOS KRAUSE,JARDIM INDUSTRIÁRIO II,367,164,82,9,6,7,0,0,3,0,0,0,0,0,271,4,7,296,71,80.65%,19.35%,44.69%,22.34%
55,245,ESCOLA MUNICIPAL ANA TEREZA ARCOS KRAUSE,JARDIM INDUSTRIÁRIO II,365,176,92,6,8,7,0,0,0,0,0,0,0,0,289,4,7,294,71,80.55%,19.45%,48.22%,25.21%
55,301,ESCOLA MUNICIPAL ANA TEREZA ARCOS KRAUSE,JARDIM INDUSTRIÁRIO II,359,147,107,10,6,4,0,0,1,0,0,0,0,0,275,4,6,289,70,80.5%,19.5%,40.95%,29.81%
39,646,ESCOLA ESTADUAL TANCREDO DE ALMEIDA NEVES,JARDIM LEBLON,346,156,99,7,7,11,2,0,0,0,0,0,0,0,282,3,5,285,61,82.37%,17.63%,45.09%,28.61%
39,647,ESCOLA ESTADUAL TANCREDO DE ALMEIDA NEVES,JARDIM LEBLON,336,132,112,10,6,6,0,1,1,0,0,0,0,0,268,3,5,277,59,82.44%,17.56%,39.29%,33.33%
39,648,ESCOLA ESTADUAL TANCREDO DE ALMEIDA NEVES,JARDIM LEBLON,340,141,100,14,4,4,0,0,0,0,0,0,0,0,263,3,5,280,60,82.35%,17.65%,41.47%,29.41%
39,649,ESCOLA ESTADUAL TANCREDO DE ALMEIDA NEVES,JARDIM LEBLON,340,153,104,7,16,2,1,2,0,0,0,0,1,0,286,3,5,280,60,82.35%,17.65%,45.0%,30.59%
39,650,ESCOLA ESTADUAL TANCREDO DE ALMEIDA NEVES,JARDIM LEBLON,344,131,109,12,9,5,0,1,0,0,0,0,0,0,267,3,5,283,61,82.27%,17.73%,38.08%,31.69%
39,651,ESCOLA ESTADUAL TANCREDO DE ALMEIDA NEVES,JARDIM LEBLON,338,136,108,12,10,6,1,0,0,0,0,0,0,0,273,3,5,278,60,82.25%,17.75%,40.24%,31.95%
39,652,ESCOLA ESTADUAL TANCREDO DE ALMEIDA NEVES,JARDIM LEBLON,335,144,100,6,6,8,1,1,0,0,0,0,0,0,266,3,5,276,59,82.39%,17.61%,42.99%,29.85%
39,653,ESCOLA ESTADUAL TANCREDO DE ALMEIDA NEVES,JARDIM LEBLON,336,142,97,9,5,8,1,2,0,0,0,0,0,0,264,3,5,277,59,82.44%,17.56%,42.26%,28.87%
1,1014,ESCOLA MUNICIPAL DE ENSINO BÁSICO NOSSA SENHORA APARECIDA,JARDIM NOVO COLORADO,399,163,134,8,17,3,0,0,0,0,0,0,0,0,325,3,5,330,69,82.71%,17.29%,40.85%,33.58%
1,1015,ESCOLA MUNICIPAL DE ENSINO BÁSICO NOSSA SENHORA APARECIDA,JARDIM NOVO COLORADO,390,143,146,9,8,1,0,1,0,0,0,0,0,0,308,3,5,322,68,82.56%,17.44%,36.67%,37.44%
1,1016,ESCOLA MUNICIPAL DE ENSINO BÁSICO NOSSA SENHORA APARECIDA,JARDIM NOVO COLORADO,389,156,106,12,11,6,0,1,2,1,0,0,0,0,295,3,5,321,68,82.52%,17.48%,40.1%,27.25%
1,1017,ESCOLA MUNICIPAL DE ENSINO BÁSICO NOSSA SENHORA APARECIDA,JARDIM NOVO COLORADO,391,182,104,10,13,6,0,0,0,1,0,0,0,0,316,3,5,323,68,82.61%,17.39%,46.55%,26.6%
1,1018,ESCOLA MUNICIPAL DE ENSINO BÁSICO NOSSA SENHORA APARECIDA,JARDIM NOVO COLORADO,392,161,125,6,10,2,1,0,2,0,0,0,0,0,307,3,5,324,68,82.65%,17.35%,41.07%,31.89%
1,1019,ESCOLA MUNICIPAL DE ENSINO BÁSICO NOSSA SENHORA APARECIDA,JARDIM NOVO COLORADO,387,172,108,13,9,3,0,1,1,0,0,0,0,0,307,3,5,320,67,82.69%,17.31%,44.44%,27.91%
1,1020,ESCOLA MUNICIPAL DE ENSINO BÁSICO NOSSA SENHORA APARECIDA,JARDIM NOVO COLORADO,394,163,118,14,10,4,0,0,1,0,0,0,0,0,310,3,5,326,68,82.74%,17.26%,41.37%,29.95%
1,1164,ESCOLA MUNICIPAL DE ENSINO BÁSICO NOSSA SENHORA APARECIDA,JARDIM NOVO COLORADO,390,177,101,10,10,8,0,0,0,0,0,0,0,0,306,3,5,322,68,82.56%,17.44%,45.38%,25.9%
55,323,CENTRO MUNICIPAL DE EDUCAÇÃO INFANTIL AURO IDA,JARDIM PASSAREDO,384,147,134,5,1,5,0,1,0,0,0,0,0,0,293,4,7,310,74,80.73%,19.27%,38.28%,34.9%
39,496,ESCOLA ESTADUAL PADRE ERNESTO CAMILO BARRETO,JARDIM PAULISTA,311,144,80,5,6,3,1,1,3,0,0,0,0,0,243,3,5,256,55,82.32%,17.68%,46.3%,25.72%
39,497,ESCOLA ESTADUAL PADRE ERNESTO CAMILO BARRETO,JARDIM PAULISTA,312,149,87,6,5,6,2,0,0,0,0,0,0,0,255,3,5,257,55,82.37%,17.63%,47.76%,27.88%
39,498,ESCOLA ESTADUAL PADRE ERNESTO CAMILO BARRETO,JARDIM PAULISTA,314,149,82,5,6,8,0,0,0,2,0,0,0,0,252,3,5,259,55,82.48%,17.52%,47.45%,26.11%
39,499,ESCOLA ESTADUAL PADRE ERNESTO CAMILO BARRETO,JARDIM PAULISTA,314,163,74,9,6,7,0,0,1,1,0,0,0,0,261,3,5,259,55,82.48%,17.52%,51.91%,23.57%
39,500,ESCOLA ESTADUAL PADRE ERNESTO CAMILO BARRETO,JARDIM PAULISTA,316,154,80,2,3,12,0,2,0,0,0,0,0,0,253,3,5,260,56,82.28%,17.72%,48.73%,25.32%
39,501,ESCOLA ESTADUAL PADRE ERNESTO CAMILO BARRETO,JARDIM PAULISTA,312,128,84,3,5,8,1,0,2,0,0,0,0,0,231,3,5,257,55,82.37%,17.63%,41.03%,26.92%
39,502,ESCOLA ESTADUAL PADRE ERNESTO CAMILO BARRETO,JARDIM PAULISTA,314,152,82,9,4,6,3,0,0,0,0,0,0,0,256,3,5,259,55,82.48%,17.52%,48.41%,26.11%
39,503,ESCOLA ESTADUAL PADRE ERNESTO CAMILO BARRETO,JARDIM PAULISTA,311,161,73,10,3,8,2,0,0,0,0,0,0,0,257,3,5,256,55,82.32%,17.68%,51.77%,23.47%
39,504,ESCOLA ESTADUAL PADRE ERNESTO CAMILO BARRETO,JARDIM PAULISTA,312,158,70,6,3,7,0,1,1,0,0,0,0,0,246,3,5,257,55,82.37%,17.63%,50.64%,22.44%
39,505,ESCOLA ESTADUAL PADRE ERNESTO CAMILO BARRETO,JARDIM PAULISTA,311,154,75,4,2,5,0,0,0,0,0,0,0,0,240,3,5,256,55,82.32%,17.68%,49.52%,24.12%
39,506,ESCOLA ESTADUAL PADRE ERNESTO CAMILO BARRETO,JARDIM PAULISTA,311,141,79,9,3,6,2,0,0,0,0,0,0,0,240,3,5,256,55,82.32%,17.68%,45.34%,25.4%
55,195,ESCOLA ESTADUAL ZÉLIA COSTA DE ALMEIDA,JARDIM PRESIDENTE II,390,196,95,8,8,15,0,1,0,0,0,0,0,0,323,4,7,314,76,80.51%,19.49%,50.26%,24.36%
55,196,ESCOLA ESTADUAL ZÉLIA COSTA DE ALMEIDA,JARDIM PRESIDENTE II,390,185,89,10,7,14,0,0,0,0,0,1,0,0,306,4,7,314,76,80.51%,19.49%,47.44%,22.82%
55,197,ESCOLA ESTADUAL ZÉLIA COSTA DE ALMEIDA,JARDIM PRESIDENTE II,392,188,98,10,8,5,2,0,0,0,0,0,0,0,311,4,7,316,76,80.61%,19.39%,47.96%,25.0%
55,215,ESCOLA ESTADUAL ZÉLIA COSTA DE ALMEIDA,JARDIM PRESIDENTE II,385,202,79,10,6,5,1,0,1,0,0,1,0,0,305,4,7,310,75,80.52%,19.48%,52.47%,20.52%
55,252,ESCOLA ESTADUAL ZÉLIA COSTA DE ALMEIDA,JARDIM PRESIDENTE II,387,197,85,8,6,13,0,1,1,0,0,0,0,0,311,4,7,312,75,80.62%,19.38%,50.9%,21.96%
55,295,ESCOLA ESTADUAL ZÉLIA COSTA DE ALMEIDA,JARDIM PRESIDENTE II,384,199,80,7,4,5,1,0,1,1,0,0,0,0,298,4,7,310,74,80.73%,19.27%,51.82%,20.83%
55,317,ESCOLA ESTADUAL ZÉLIA COSTA DE ALMEIDA,JARDIM PRESIDENTE II,393,161,82,11,7,19,0,2,0,0,0,0,0,0,282,4,7,317,76,80.66%,19.34%,40.97%,20.87%
55,346,ESCOLA ESTADUAL ZÉLIA COSTA DE ALMEIDA,JARDIM PRESIDENTE II,60,29,16,3,1,4,0,0,0,0,0,0,0,0,53,1,1,48,12,80.0%,20.0%,48.33%,26.67%
1,966,ESCOLA MUNICIPAL DE ENSINO BÁSICO PROFESSOR RANULPHO PAES DE BARROS,JARDIM SANTA ISABEL,249,114,75,11,1,5,0,0,0,0,0,1,0,0,207,2,3,206,43,82.73%,17.27%,45.78%,30.12%
1,967,ESCOLA MUNICIPAL DE ENSINO BÁSICO PROFESSOR RANULPHO PAES DE BARROS,JARDIM SANTA ISABEL,246,131,75,2,4,1,0,0,0,0,0,0,0,0,213,2,3,203,43,82.52%,17.48%,53.25%,30.49%
1,968,ESCOLA MUNICIPAL DE ENSINO BÁSICO PROFESSOR RANULPHO PAES DE BARROS,JARDIM SANTA ISABEL,250,116,74,8,3,2,0,1,0,0,0,0,0,0,204,2,3,207,43,82.8%,17.2%,46.4%,29.6%
1,969,ESCOLA MUNICIPAL DE ENSINO BÁSICO PROFESSOR RANULPHO PAES DE BARROS,JARDIM SANTA ISABEL,251,127,63,5,4,6,0,2,0,0,0,1,0,0,208,2,3,207,44,82.47%,17.53%,50.6%,25.1%
1,970,ESCOLA MUNICIPAL DE ENSINO BÁSICO PROFESSOR RANULPHO PAES DE BARROS,JARDIM SANTA ISABEL,248,110,65,2,3,8,0,0,1,0,0,0,0,0,189,2,3,205,43,82.66%,17.34%,44.35%,26.21%
1,971,ESCOLA MUNICIPAL DE ENSINO BÁSICO PROFESSOR RANULPHO PAES DE BARROS,JARDIM SANTA ISABEL,246,108,75,4,3,2,0,0,1,0,1,0,0,0,194,2,3,203,43,82.52%,17.48%,43.9%,30.49%
1,972,ESCOLA MUNICIPAL DE ENSINO BÁSICO PROFESSOR RANULPHO PAES DE BARROS,JARDIM SANTA ISABEL,248,119,64,2,6,5,0,1,0,0,0,0,0,0,197,2,3,205,43,82.66%,17.34%,47.98%,25.81%
1,973,ESCOLA MUNICIPAL DE ENSINO BÁSICO PROFESSOR RANULPHO PAES DE BARROS,JARDIM SANTA ISABEL,250,116,74,4,4,1,0,1,0,0,0,0,0,0,200,2,3,207,43,82.8%,17.2%,46.4%,29.6%
1,974,ESCOLA MUNICIPAL DE ENSINO BÁSICO PROFESSOR RANULPHO PAES DE BARROS,JARDIM SANTA ISABEL,249,116,70,5,6,2,0,0,0,0,0,0,0,0,199,2,3,206,43,82.73%,17.27%,46.59%,28.11%
1,975,ESCOLA MUNICIPAL DE ENSINO BÁSICO PROFESSOR RANULPHO PAES DE BARROS,JARDIM SANTA ISABEL,248,108,75,6,7,3,0,0,0,0,0,0,0,0,199,2,3,205,43,82.66%,17.34%,43.55%,30.24%
1,976,ESCOLA MUNICIPAL DE ENSINO BÁSICO PROFESSOR RANULPHO PAES DE BARROS,JARDIM SANTA ISABEL,250,121,72,3,5,2,0,0,0,0,0,0,0,0,203,2,3,207,43,82.8%,17.2%,48.4%,28.8%
1,977,ESCOLA MUNICIPAL DE ENSINO BÁSICO PROFESSOR RANULPHO PAES DE BARROS,JARDIM SANTA ISABEL,251,123,73,4,1,4,0,0,1,0,0,0,0,0,206,2,3,207,44,82.47%,17.53%,49.0%,29.08%
1,978,ESCOLA MUNICIPAL DE ENSINO BÁSICO PROFESSOR RANULPHO PAES DE BARROS,JARDIM SANTA ISABEL,249,116,79,4,3,7,1,0,0,0,0,0,0,0,210,2,3,206,43,82.73%,17.27%,46.59%,31.73%
1,979,ESCOLA MUNICIPAL DE ENSINO BÁSICO PROFESSOR RANULPHO PAES DE BARROS,JARDIM SANTA ISABEL,246,120,67,4,3,2,0,0,0,0,0,0,0,0,196,2,3,203,43,82.52%,17.48%,48.78%,27.24%
1,980,ESCOLA MUNICIPAL DE ENSINO BÁSICO PROFESSOR RANULPHO PAES DE BARROS,JARDIM SANTA ISABEL,247,129,64,2,5,2,0,0,0,0,0,0,0,0,202,2,3,204,43,82.59%,17.41%,52.23%,25.91%
1,981,ESCOLA MUNICIPAL DE ENSINO BÁSICO PROFESSOR RANULPHO PAES DE BARROS,JARDIM SANTA ISABEL,247,117,64,5,4,2,0,1,1,0,0,0,0,0,194,2,3,204,43,82.59%,17.41%,47.37%,25.91%
1,1006,IGREJA CATÓLICA SANTA ISABEL,JARDIM SANTA ISABEL,316,180,83,2,3,5,1,0,1,0,0,0,0,0,275,3,4,261,55,82.59%,17.41%,56.96%,26.27%
1,1007,IGREJA CATÓLICA SANTA ISABEL,JARDIM SANTA ISABEL,316,175,58,10,8,4,1,1,0,0,0,0,0,0,257,3,4,261,55,82.59%,17.41%,55.38%,18.35%
1,1008,IGREJA CATÓLICA SANTA ISABEL,JARDIM SANTA ISABEL,310,148,84,9,7,5,2,1,0,0,0,0,0,0,256,3,4,256,54,82.58%,17.42%,47.74%,27.1%
1,1009,IGREJA CATÓLICA SANTA ISABEL,JARDIM SANTA ISABEL,315,169,59,14,6,6,2,1,0,0,0,0,1,0,258,3,4,260,55,82.54%,17.46%,53.65%,18.73%
1,1010,IGREJA CATÓLICA SANTA ISABEL,JARDIM SANTA ISABEL,314,176,69,11,1,8,1,0,0,0,0,0,0,0,266,3,4,259,55,82.48%,17.52%,56.05%,21.97%
1,1011,IGREJA CATÓLICA SANTA ISABEL,JARDIM SANTA ISABEL,309,153,72,8,7,6,0,0,1,0,1,0,0,0,248,3,4,255,54,82.52%,17.48%,49.51%,23.3%
1,1012,IGREJA CATÓLICA SANTA ISABEL,JARDIM SANTA ISABEL,310,161,66,9,2,9,0,0,0,0,0,0,0,0,247,3,4,256,54,82.58%,17.42%,51.94%,21.29%
1,1013,IGREJA CATÓLICA SANTA ISABEL,JARDIM SANTA ISABEL,313,151,73,7,2,9,1,4,0,1,0,0,0,0,248,3,4,259,54,82.75%,17.25%,48.24%,23.32%
1,1032,ESCOLA MUNICIPAL DE ENSINO BÁSICO PROFESSOR RANULPHO PAES DE BARROS,JARDIM SANTA ISABEL,263,130,66,5,4,4,0,0,0,0,0,0,0,0,209,2,4,217,46,82.51%,17.49%,49.43%,25.1%
1,1033,ESCOLA MUNICIPAL DE ENSINO BÁSICO PROFESSOR RANULPHO PAES DE BARROS,JARDIM SANTA ISABEL,255,144,53,6,3,3,0,0,1,0,0,0,0,0,210,2,3,211,44,82.75%,17.25%,56.47%,20.78%
1,1034,ESCOLA MUNICIPAL DE ENSINO BÁSICO PROFESSOR RANULPHO PAES DE BARROS,JARDIM SANTA ISABEL,259,127,65,5,3,5,0,0,1,0,0,0,0,0,206,2,3,214,45,82.63%,17.37%,49.03%,25.1%
1,1035,ESCOLA MUNICIPAL DE ENSINO BÁSICO PROFESSOR RANULPHO PAES DE BARROS,JARDIM SANTA ISABEL,257,135,63,10,6,3,1,1,1,0,0,0,0,0,220,2,3,212,45,82.49%,17.51%,52.53%,24.51%
1,1036,ESCOLA MUNICIPAL DE ENSINO BÁSICO PROFESSOR RANULPHO PAES DE BARROS,JARDIM SANTA ISABEL,257,147,46,6,4,3,0,0,0,0,0,0,0,0,206,2,3,212,45,82.49%,17.51%,57.2%,17.9%
1,1136,ESCOLA MUNICIPAL DE ENSINO BÁSICO MARIA EUNICE DUARTE DE BARROS,JARDIM SANTA ISABEL,310,165,89,7,7,4,0,0,0,0,0,0,0,0,272,3,4,256,54,82.58%,17.42%,53.23%,28.71%
1,1137,ESCOLA MUNICIPAL DE ENSINO BÁSICO MARIA EUNICE DUARTE DE BARROS,JARDIM SANTA ISABEL,308,164,78,6,8,4,1,2,0,0,0,0,0,0,263,2,4,254,54,82.47%,17.53%,53.25%,25.32%
1,1138,ESCOLA MUNICIPAL DE ENSINO BÁSICO MARIA EUNICE DUARTE DE BARROS,JARDIM SANTA ISABEL,308,156,71,6,8,5,1,1,0,0,0,0,0,0,248,2,4,254,54,82.47%,17.53%,50.65%,23.05%
1,1139,ESCOLA MUNICIPAL DE ENSINO BÁSICO MARIA EUNICE DUARTE DE BARROS,JARDIM SANTA ISABEL,308,142,73,13,3,6,0,2,1,0,0,0,0,0,240,2,4,254,54,82.47%,17.53%,46.1%,23.7%
1,1140,ESCOLA MUNICIPAL DE ENSINO BÁSICO MARIA EUNICE DUARTE DE BARROS,JARDIM SANTA ISABEL,306,161,78,7,3,1,1,2,2,0,0,0,0,0,255,2,4,253,53,82.68%,17.32%,52.61%,25.49%
1,1141,ESCOLA MUNICIPAL DE ENSINO BÁSICO MARIA EUNICE DUARTE DE BARROS,JARDIM SANTA ISABEL,306,160,71,5,5,8,0,0,1,0,0,0,0,0,250,2,4,253,53,82.68%,17.32%,52.29%,23.2%
1,1142,ESCOLA MUNICIPAL DE ENSINO BÁSICO MARIA EUNICE DUARTE DE BARROS,JARDIM SANTA ISABEL,306,148,93,8,2,2,0,0,2,0,0,0,0,0,255,2,4,253,53,82.68%,17.32%,48.37%,30.39%
1,1143,ESCOLA MUNICIPAL DE ENSINO BÁSICO MARIA EUNICE DUARTE DE BARROS,JARDIM SANTA ISABEL,308,149,81,6,2,6,0,1,2,0,0,0,0,0,247,2,4,254,54,82.47%,17.53%,48.38%,26.3%
1,1144,ESCOLA MUNICIPAL DE ENSINO BÁSICO MARIA EUNICE DUARTE DE BARROS,JARDIM SANTA ISABEL,305,163,74,9,6,3,0,0,0,0,0,0,0,0,255,2,4,252,53,82.62%,17.38%,53.44%,24.26%
1,1145,ESCOLA MUNICIPAL DE ENSINO BÁSICO MARIA EUNICE DUARTE DE BARROS,JARDIM SANTA ISABEL,309,137,92,3,3,6,0,0,0,0,0,0,0,0,241,3,4,255,54,82.52%,17.48%,44.34%,29.77%
1,850,CENTRO DE EVENTOS DO PANTANAL,JARDIM SANTA MARTA,392,173,103,14,6,8,1,0,1,0,1,1,0,0,308,3,5,324,68,82.65%,17.35%,44.13%,26.28%
1,851,CENTRO DE EVENTOS DO PANTANAL,JARDIM SANTA MARTA,391,184,103,7,12,4,1,0,1,0,0,0,0,0,312,3,5,323,68,82.61%,17.39%,47.06%,26.34%
1,852,CENTRO DE EVENTOS DO PANTANAL,JARDIM SANTA MARTA,387,177,86,6,7,8,0,0,0,0,0,0,0,0,284,3,5,320,67,82.69%,17.31%,45.74%,22.22%
1,853,CENTRO DE EVENTOS DO PANTANAL,JARDIM SANTA MARTA,378,174,107,12,6,3,0,0,0,0,0,0,0,0,302,3,5,312,66,82.54%,17.46%,46.03%,28.31%
1,854,CENTRO DE EVENTOS DO PANTANAL,JARDIM SANTA MARTA,354,163,84,10,7,2,0,1,0,0,0,0,0,0,267,3,5,292,62,82.49%,17.51%,46.05%,23.73%
1,855,CENTRO DE EVENTOS DO PANTANAL,JARDIM SANTA MARTA,357,156,82,10,8,4,1,1,0,0,0,0,0,0,262,3,5,295,62,82.63%,17.37%,43.7%,22.97%
1,856,CENTRO DE EVENTOS DO PANTANAL,JARDIM SANTA MARTA,358,168,87,12,4,7,0,0,0,0,1,0,0,0,279,3,5,296,62,82.68%,17.32%,46.93%,24.3%
1,857,CENTRO DE EVENTOS DO PANTANAL,JARDIM SANTA MARTA,354,165,81,13,7,6,0,0,0,0,0,0,0,0,272,3,5,292,62,82.49%,17.51%,46.61%,22.88%
1,912,CENTRO DE EVENTOS DO PANTANAL,JARDIM SANTA MARTA,381,179,94,15,4,10,0,1,0,0,0,0,0,0,303,3,5,315,66,82.68%,17.32%,46.98%,24.67%
1,922,CENTRO DE EVENTOS DO PANTANAL,JARDIM SANTA MARTA,381,191,96,7,8,3,1,0,0,0,0,0,2,0,308,3,5,315,66,82.68%,17.32%,50.13%,25.2%
1,1189,CENTRO DE EVENTOS DO PANTANAL,JARDIM SANTA MARTA,304,188,61,8,5,9,0,1,2,0,0,0,1,0,275,2,4,251,53,82.57%,17.43%,61.84%,20.07%
1,1192,CENTRO DE EVENTOS DO PANTANAL,JARDIM SANTA MARTA,0,84,80,3,4,9,2,0,0,0,0,0,0,0,182,0,0,0,0,nan%,nan%,inf%,inf%
1,1193,CENTRO DE EVENTOS DO PANTANAL,JARDIM SANTA MARTA,0,0,0,0,0,0,0,0,0,0,0,0,0,0,0,0,0,0,0,nan%,nan%,nan%,nan%
39,514,ESCOLA ESTADUAL SOUZA BANDEIRA,JARDIM SHANGRI-LÁ,359,176,75,8,11,4,2,1,0,0,0,0,0,0,277,3,5,296,63,82.45%,17.55%,49.03%,20.89%
39,515,ESCOLA ESTADUAL SOUZA BANDEIRA,JARDIM SHANGRI-LÁ,359,206,59,10,4,9,1,1,1,0,0,0,0,0,291,3,5,296,63,82.45%,17.55%,57.38%,16.43%
39,516,ESCOLA ESTADUAL SOUZA BANDEIRA,JARDIM SHANGRI-LÁ,359,203,64,11,4,9,2,1,0,1,0,0,0,0,295,3,5,296,63,82.45%,17.55%,56.55%,17.83%
39,517,ESCOLA ESTADUAL SOUZA BANDEIRA,JARDIM SHANGRI-LÁ,359,171,74,15,5,14,1,0,0,0,0,0,0,0,280,3,5,296,63,82.45%,17.55%,47.63%,20.61%
39,518,ESCOLA ESTADUAL SOUZA BANDEIRA,JARDIM SHANGRI-LÁ,361,190,88,4,3,10,0,1,0,1,0,0,1,0,298,3,5,297,64,82.27%,17.73%,52.63%,24.38%
39,701,ESCOLA ESTADUAL SOUZA BANDEIRA,JARDIM SHANGRI-LÁ,361,190,65,15,7,9,0,0,0,0,0,0,0,0,286,3,5,297,64,82.27%,17.73%,52.63%,18.01%
39,731,ESCOLA ESTADUAL SOUZA BANDEIRA,JARDIM SHANGRI-LÁ,359,188,83,6,10,10,2,2,0,0,0,0,0,0,301,3,5,296,63,82.45%,17.55%,52.37%,23.12%
39,471,ESCOLA ESTADUAL RAIMUNDO PINHEIRO DA SILVA,JARDIM SHANGRI-LÁ 1,158,161,88,6,5,6,0,0,1,0,0,0,0,0,267,1,2,130,28,82.28%,17.72%,101.9%,55.7%
39,472,ESCOLA ESTADUAL RAIMUNDO PINHEIRO DA SILVA,JARDIM SHANGRI-LÁ 1,159,214,96,8,6,9,2,2,2,0,0,0,0,0,339,1,2,131,28,82.39%,17.61%,134.59%,60.38%
39,473,ESCOLA ESTADUAL RAIMUNDO PINHEIRO DA SILVA,JARDIM SHANGRI-LÁ 1,155,0,0,0,0,0,0,0,0,0,0,0,0,0,0,1,2,128,27,82.58%,17.42%,0.0%,0.0%
39,474,ESCOLA ESTADUAL RAIMUNDO PINHEIRO DA SILVA,JARDIM SHANGRI-LÁ 1,157,0,0,0,0,0,0,0,0,0,0,0,0,0,0,1,2,129,28,82.17%,17.83%,0.0%,0.0%
39,475,ESCOLA ESTADUAL RAIMUNDO PINHEIRO DA SILVA,JARDIM SHANGRI-LÁ 1,159,162,70,6,3,9,0,1,0,0,0,0,0,0,251,1,2,131,28,82.39%,17.61%,101.89%,44.03%
39,476,ESCOLA ESTADUAL RAIMUNDO PINHEIRO DA SILVA,JARDIM SHANGRI-LÁ 1,158,147,68,11,6,3,1,1,0,0,1,0,0,0,238,1,2,130,28,82.28%,17.72%,93.04%,43.04%
39,477,ESCOLA ESTADUAL RAIMUNDO PINHEIRO DA SILVA,JARDIM SHANGRI-LÁ 1,153,0,0,0,0,0,0,0,0,0,0,0,0,0,0,1,2,126,27,82.35%,17.65%,0.0%,0.0%
39,478,ESCOLA ESTADUAL RAIMUNDO PINHEIRO DA SILVA,JARDIM SHANGRI-LÁ 1,160,182,146,11,2,16,0,0,1,0,0,0,0,0,358,1,2,132,28,82.5%,17.5%,113.75%,91.25%
39,479,ESCOLA ESTADUAL RAIMUNDO PINHEIRO DA SILVA,JARDIM SHANGRI-LÁ 1,157,0,0,0,0,0,0,0,0,0,0,0,0,0,0,1,2,129,28,82.17%,17.83%,0.0%,0.0%
1,1100,ESCOLA MUNICIPAL DE ENSINO BÁSICO PROFESSORA RITA CALDAS CASTRILLON,JARDIM UBATÃ,138,129,97,4,5,2,0,1,0,0,0,0,0,0,238,1,2,114,24,82.61%,17.39%,93.48%,70.29%
1,1102,ESCOLA MUNICIPAL DE ENSINO BÁSICO PROFESSORA RITA CALDAS CASTRILLON,JARDIM UBATÃ,137,114,87,8,5,5,0,0,0,0,0,0,0,0,219,1,2,113,24,82.48%,17.52%,83.21%,63.5%
1,1103,ESCOLA MUNICIPAL DE ENSINO BÁSICO PROFESSORA RITA CALDAS CASTRILLON,JARDIM UBATÃ,135,0,0,0,0,0,0,0,0,0,0,0,0,0,0,1,2,112,23,82.96%,17.04%,0.0%,0.0%
1,1104,ESCOLA MUNICIPAL DE ENSINO BÁSICO PROFESSORA RITA CALDAS CASTRILLON,JARDIM UBATÃ,137,0,0,0,0,0,0,0,0,0,0,0,0,0,0,1,2,113,24,82.48%,17.52%,0.0%,0.0%
1,858,ESCOLA MUNICIPAL PROFESSORA MARIA LUCILA DA SILVA BARROS,JARDIM UBIRAJARA,352,164,76,15,9,8,0,2,0,0,1,0,0,0,275,3,5,291,61,82.67%,17.33%,46.59%,21.59%
1,1087,ESCOLA MUNICIPAL PROFESSORA MARIA LUCILA DA SILVA BARROS,JARDIM UBIRAJARA,360,162,111,10,8,4,1,0,0,0,0,0,0,0,296,3,5,297,63,82.5%,17.5%,45.0%,30.83%
1,1171,ESCOLA MUNICIPAL PROFESSORA MARIA LUCILA DA SILVA BARROS,JARDIM UBIRAJARA,353,136,105,6,3,11,0,0,0,0,0,0,0,0,261,3,5,292,61,82.72%,17.28%,38.53%,29.75%
51,152,ESCOLA MUNICIPAL LENINE DE CAMPOS PÓVOAS,JARDIM UNIÃO,333,117,110,11,9,7,0,1,1,0,0,0,0,0,256,3,5,272,61,81.68%,18.32%,35.14%,33.03%
51,270,ESCOLA MUNICIPAL LENINE DE CAMPOS PÓVOAS,JARDIM UNIÃO,334,123,128,9,6,1,2,0,0,0,0,0,0,1,270,3,5,273,61,81.74%,18.26%,36.83%,38.32%
51,312,ESCOLA MUNICIPAL LENINE DE CAMPOS PÓVOAS,JARDIM UNIÃO,339,117,139,10,9,3,0,0,2,0,1,0,0,0,281,4,6,277,62,81.71%,18.29%,34.51%,41.0%
51,348,ESCOLA MUNICIPAL LENINE DE CAMPOS PÓVOAS,JARDIM UNIÃO,340,130,114,10,7,2,2,0,1,0,0,0,0,0,266,4,6,278,62,81.76%,18.24%,38.24%,33.53%
51,364,ESCOLA MUNICIPAL LENINE DE CAMPOS PÓVOAS,JARDIM UNIÃO,333,109,101,11,4,9,0,1,0,0,0,0,0,0,235,3,5,272,61,81.68%,18.32%,32.73%,30.33%
51,375,ESCOLA MUNICIPAL LENINE DE CAMPOS PÓVOAS,JARDIM UNIÃO,327,115,97,13,5,5,0,0,1,0,0,0,0,0,236,3,5,267,60,81.65%,18.35%,35.17%,29.66%
51,63,ESCOLA ESTADUAL CÍVICO-MILITAR GUSTAVO KULMANN,JARDIM VITÓRIA,384,134,111,10,6,9,1,0,1,0,0,0,0,0,272,4,6,314,70,81.77%,18.23%,34.9%,28.91%
51,64,ESCOLA ESTADUAL CÍVICO-MILITAR GUSTAVO KULMANN,JARDIM VITÓRIA,385,135,124,8,12,3,0,1,1,0,0,0,0,0,284,4,6,315,70,81.82%,18.18%,35.06%,32.21%
51,74,ESCOLA ESTADUAL CÍVICO-MILITAR GUSTAVO KULMANN,JARDIM VITÓRIA,393,136,126,9,12,5,0,1,1,0,0,1,0,0,291,4,6,321,72,81.68%,18.32%,34.61%,32.06%
51,82,ESCOLA ESTADUAL CÍVICO-MILITAR GUSTAVO KULMANN,JARDIM VITÓRIA,389,122,150,12,3,6,1,1,1,0,0,0,0,0,296,4,6,318,71,81.75%,18.25%,31.36%,38.56%
51,95,ESCOLA ESTADUAL CÍVICO-MILITAR GUSTAVO KULMANN,JARDIM VITÓRIA,387,141,124,12,7,5,0,0,1,1,0,1,0,0,292,4,6,316,71,81.65%,18.35%,36.43%,32.04%
51,100,ESCOLA ESTADUAL CÍVICO-MILITAR GUSTAVO KULMANN,JARDIM VITÓRIA,389,138,130,17,7,7,1,0,0,0,0,1,0,0,301,4,6,318,71,81.75%,18.25%,35.48%,33.42%
51,108,ESCOLA ESTADUAL CÍVICO-MILITAR GUSTAVO KULMANN,JARDIM VITÓRIA,380,151,124,11,3,4,0,1,0,0,0,0,0,0,294,4,6,310,70,81.58%,18.42%,39.74%,32.63%
51,118,ESCOLA ESTADUAL CÍVICO-MILITAR GUSTAVO KULMANN,JARDIM VITÓRIA,390,132,143,7,3,8,0,0,2,0,1,0,0,0,296,4,6,319,71,81.79%,18.21%,33.85%,36.67%
51,124,ESCOLA ESTADUAL CÍVICO-MILITAR GUSTAVO KULMANN,JARDIM VITÓRIA,387,146,127,12,4,5,0,0,0,0,0,0,0,0,294,4,6,316,71,81.65%,18.35%,37.73%,32.82%
51,137,ESCOLA ESTADUAL CÍVICO-MILITAR GUSTAVO KULMANN,JARDIM VITÓRIA,386,132,131,13,9,4,0,2,1,1,0,0,0,0,293,4,6,315,71,81.61%,18.39%,34.2%,33.94%
51,147,ESCOLA ESTADUAL CÍVICO-MILITAR GUSTAVO KULMANN,JARDIM VITÓRIA,394,155,124,6,7,5,0,1,1,0,0,0,0,0,299,4,6,322,72,81.73%,18.27%,39.34%,31.47%
51,242,ESCOLA ESTADUAL CÍVICO-MILITAR GUSTAVO KULMANN,JARDIM VITÓRIA,394,148,122,12,6,6,0,3,2,0,0,0,0,0,299,4,6,322,72,81.73%,18.27%,37.56%,30.96%
51,255,ESCOLA ESTADUAL CÍVICO-MILITAR GUSTAVO KULMANN,JARDIM VITÓRIA,381,140,119,10,10,3,1,2,0,0,0,0,0,0,285,4,6,311,70,81.63%,18.37%,36.75%,31.23%
51,260,ESCOLA ESTADUAL CÍVICO-MILITAR GUSTAVO KULMANN,JARDIM VITÓRIA,390,144,125,14,6,10,1,1,0,0,0,0,0,0,301,4,6,319,71,81.79%,18.21%,36.92%,32.05%
51,279,ESCOLA ESTADUAL CÍVICO-MILITAR GUSTAVO KULMANN,JARDIM VITÓRIA,394,167,112,7,6,9,1,0,0,0,0,0,0,0,302,4,6,322,72,81.73%,18.27%,42.39%,28.43%
51,286,ESCOLA MUNICIPAL ORZINA AMORIM SOARES,JARDIM VITÓRIA,354,144,95,8,6,1,2,0,0,0,0,0,0,0,256,4,6,289,65,81.64%,18.36%,40.68%,26.84%
51,289,ESCOLA MUNICIPAL ORZINA AMORIM SOARES,JARDIM VITÓRIA,357,163,104,12,7,6,0,2,0,0,1,0,0,1,296,4,6,292,65,81.79%,18.21%,45.66%,29.13%
51,302,ESCOLA ESTADUAL CÍVICO-MILITAR GUSTAVO KULMANN,JARDIM VITÓRIA,392,146,117,11,4,7,2,2,1,0,0,0,0,0,290,4,6,320,72,81.63%,18.37%,37.24%,29.85%
51,335,ESCOLA MUNICIPAL ORZINA AMORIM SOARES,JARDIM VITÓRIA,361,165,103,6,12,3,1,0,0,0,0,0,0,0,290,4,6,295,66,81.72%,18.28%,45.71%,28.53%
51,342,ESCOLA ESTADUAL CÍVICO-MILITAR GUSTAVO KULMANN,JARDIM VITÓRIA,390,154,97,13,7,5,0,0,1,1,0,0,0,0,278,4,6,319,71,81.79%,18.21%,39.49%,24.87%
51,356,ESCOLA MUNICIPAL ORZINA AMORIM SOARES,JARDIM VITÓRIA,361,142,110,11,8,5,0,0,1,0,0,0,0,0,277,4,6,295,66,81.72%,18.28%,39.34%,30.47%
51,370,ESCOLA MUNICIPAL ORZINA AMORIM SOARES,JARDIM VITÓRIA,359,136,105,9,4,12,1,1,0,0,1,0,0,0,269,4,6,293,66,81.62%,18.38%,37.88%,29.25%
39,389,ESCOLA ESTADUAL JOÃO BRIENNE DE CAMARGO,LIXEIRA,318,141,95,5,9,8,0,0,1,0,0,0,0,0,259,3,5,262,56,82.39%,17.61%,44.34%,29.87%
39,390,ESCOLA ESTADUAL JOÃO BRIENNE DE CAMARGO,LIXEIRA,320,149,78,7,10,6,2,0,1,0,0,1,0,0,254,3,5,264,56,82.5%,17.5%,46.56%,24.38%
39,391,ESCOLA ESTADUAL JOÃO BRIENNE DE CAMARGO,LIXEIRA,322,152,90,5,4,2,1,0,1,0,0,0,0,0,255,3,5,265,57,82.3%,17.7%,47.2%,27.95%
39,392,ESCOLA ESTADUAL JOÃO BRIENNE DE CAMARGO,LIXEIRA,320,151,89,8,7,2,2,0,0,1,0,0,0,0,260,3,5,264,56,82.5%,17.5%,47.19%,27.81%
39,393,ESCOLA ESTADUAL JOÃO BRIENNE DE CAMARGO,LIXEIRA,316,141,88,6,8,7,1,0,0,0,0,0,0,0,251,3,5,260,56,82.28%,17.72%,44.62%,27.85%
39,394,ESCOLA ESTADUAL JOÃO BRIENNE DE CAMARGO,LIXEIRA,320,143,83,13,11,4,0,0,1,0,0,0,0,0,255,3,5,264,56,82.5%,17.5%,44.69%,25.94%
39,395,ESCOLA ESTADUAL JOÃO BRIENNE DE CAMARGO,LIXEIRA,319,153,87,7,5,5,1,0,0,0,1,0,0,0,259,3,5,263,56,82.45%,17.55%,47.96%,27.27%
39,396,ESCOLA ESTADUAL JOÃO BRIENNE DE CAMARGO,LIXEIRA,325,135,93,12,9,8,3,1,1,0,0,0,0,0,262,3,5,268,57,82.46%,17.54%,41.54%,28.62%
39,397,ESCOLA ESTADUAL JOÃO BRIENNE DE CAMARGO,LIXEIRA,317,143,94,7,5,9,3,0,0,0,0,0,0,0,261,3,5,261,56,82.33%,17.67%,45.11%,29.65%
39,398,ESCOLA ESTADUAL JOÃO BRIENNE DE CAMARGO,LIXEIRA,314,146,93,11,4,3,1,0,0,0,0,0,0,0,258,3,5,259,55,82.48%,17.52%,46.5%,29.62%
39,399,ESCOLA ESTADUAL JOÃO BRIENNE DE CAMARGO,LIXEIRA,319,160,87,6,6,6,0,0,0,0,0,0,0,0,265,3,5,263,56,82.45%,17.55%,50.16%,27.27%
39,400,ESCOLA ESTADUAL JOÃO BRIENNE DE CAMARGO,LIXEIRA,311,142,70,9,11,4,1,0,1,0,0,1,0,0,239,3,5,256,55,82.32%,17.68%,45.66%,22.51%
39,401,ESCOLA ESTADUAL JOÃO BRIENNE DE CAMARGO,LIXEIRA,321,165,68,5,8,7,0,1,0,1,0,0,0,0,255,3,5,264,57,82.24%,17.76%,51.4%,21.18%
39,430,ESCOLA ESTADUAL ANTONIO PINHO MACIEL EPAMINONDAS,LIXEIRA,171,147,114,10,10,4,0,0,0,0,0,0,0,0,285,2,3,141,30,82.46%,17.54%,85.96%,66.67%
39,431,ESCOLA ESTADUAL ANTONIO PINHO MACIEL EPAMINONDAS,LIXEIRA,170,0,0,0,0,0,0,0,0,0,0,0,0,0,0,2,3,140,30,82.35%,17.65%,0.0%,0.0%
39,432,ESCOLA ESTADUAL ANTONIO PINHO MACIEL EPAMINONDAS,LIXEIRA,172,148,102,6,7,10,0,0,0,0,0,0,0,0,273,2,3,142,30,82.56%,17.44%,86.05%,59.3%
39,433,ESCOLA ESTADUAL ANTONIO PINHO MACIEL EPAMINONDAS,LIXEIRA,169,0,0,0,0,0,0,0,0,0,0,0,0,0,0,2,2,139,30,82.25%,17.75%,0.0%,0.0%
39,434,ESCOLA ESTADUAL ANTONIO PINHO MACIEL EPAMINONDAS,LIXEIRA,173,150,108,5,5,3,1,0,1,0,0,0,0,0,273,2,3,142,31,82.08%,17.92%,86.71%,62.43%
39,435,ESCOLA ESTADUAL ANTONIO PINHO MACIEL EPAMINONDAS,LIXEIRA,172,147,99,10,9,6,1,1,1,0,0,0,0,0,274,2,3,142,30,82.56%,17.44%,85.47%,57.56%
39,436,ESCOLA ESTADUAL ANTONIO PINHO MACIEL EPAMINONDAS,LIXEIRA,171,150,108,7,5,2,0,3,1,1,0,0,0,0,277,2,3,141,30,82.46%,17.54%,87.72%,63.16%
39,437,ESCOLA ESTADUAL ANTONIO PINHO MACIEL EPAMINONDAS,LIXEIRA,167,0,0,0,0,0,0,0,0,0,0,0,0,0,0,2,2,138,29,82.63%,17.37%,0.0%,0.0%
39,438,ESCOLA ESTADUAL ANTONIO PINHO MACIEL EPAMINONDAS,LIXEIRA,171,0,0,0,0,0,0,0,0,0,0,0,0,0,0,2,3,141,30,82.46%,17.54%,0.0%,0.0%
39,439,ESCOLA ESTADUAL ANTONIO PINHO MACIEL EPAMINONDAS,LIXEIRA,171,0,0,0,0,0,0,0,0,0,0,0,0,0,0,2,3,141,30,82.46%,17.54%,0.0%,0.0%
1,900,CEAADA PROFESSORA ARLETE PEREIRA MIQUELETE ANTIGO ANDRE LUIZ,MIGUEL SUTIL,287,160,64,6,9,4,0,0,0,0,0,0,0,0,243,2,4,237,50,82.58%,17.42%,55.75%,22.3%
1,901,CEAADA PROFESSORA ARLETE PEREIRA MIQUELETE ANTIGO ANDRE LUIZ,MIGUEL SUTIL,287,152,72,6,3,4,0,0,0,0,0,0,0,0,237,2,4,237,50,82.58%,17.42%,52.96%,25.09%
1,902,CEAADA PROFESSORA ARLETE PEREIRA MIQUELETE ANTIGO ANDRE LUIZ,MIGUEL SUTIL,293,159,61,7,9,10,1,2,0,0,0,0,0,0,249,2,4,242,51,82.59%,17.41%,54.27%,20.82%
1,903,CEAADA PROFESSORA ARLETE PEREIRA MIQUELETE ANTIGO ANDRE LUIZ,MIGUEL SUTIL,293,139,60,12,10,6,1,0,0,0,0,0,0,0,228,2,4,242,51,82.59%,17.41%,47.44%,20.48%
1,904,CEAADA PROFESSORA ARLETE PEREIRA MIQUELETE ANTIGO ANDRE LUIZ,MIGUEL SUTIL,295,161,55,9,4,5,2,1,2,0,0,0,0,0,239,2,4,244,51,82.71%,17.29%,54.58%,18.64%
1,905,CEAADA PROFESSORA ARLETE PEREIRA MIQUELETE ANTIGO ANDRE LUIZ,MIGUEL SUTIL,292,164,55,5,3,6,1,1,0,1,0,0,0,0,236,2,4,241,51,82.53%,17.47%,56.16%,18.84%
1,906,CEAADA PROFESSORA ARLETE PEREIRA MIQUELETE ANTIGO ANDRE LUIZ,MIGUEL SUTIL,288,140,69,8,10,3,2,1,0,0,0,0,0,0,233,2,4,238,50,82.64%,17.36%,48.61%,23.96%
1,907,CEAADA PROFESSORA ARLETE PEREIRA MIQUELETE ANTIGO ANDRE LUIZ,MIGUEL SUTIL,289,160,55,10,4,7,1,0,1,0,0,0,0,0,238,2,4,239,50,82.7%,17.3%,55.36%,19.03%
1,915,ESCOLA CHAVE DO SABER,MIGUEL SUTIL,395,207,80,5,8,10,2,1,0,0,0,0,0,0,313,3,5,326,69,82.53%,17.47%,52.41%,20.25%
1,920,ESCOLA CHAVE DO SABER,MIGUEL SUTIL,389,201,76,6,7,8,0,0,0,1,0,0,0,0,299,3,5,321,68,82.52%,17.48%,51.67%,19.54%
1,929,ESCOLA CHAVE DO SABER,MIGUEL SUTIL,393,194,80,14,2,11,2,0,0,0,0,0,0,0,303,3,5,325,68,82.7%,17.3%,49.36%,20.36%
1,936,ESCOLA CHAVE DO SABER,MIGUEL SUTIL,395,230,62,3,10,8,2,1,1,0,0,0,0,0,317,3,5,326,69,82.53%,17.47%,58.23%,15.7%
1,1191,ESCOLA CHAVE DO SABER,MIGUEL SUTIL,51,23,16,5,0,2,0,0,0,0,0,0,0,0,46,0,1,42,9,82.35%,17.65%,45.1%,31.37%
51,365,ABRIGO BOM JESUS,MORADA DA SERRA,90,21,25,1,0,1,0,0,0,0,0,0,0,0,48,1,1,74,16,82.22%,17.78%,23.33%,27.78%
51,70,ESCOLA ESTADUAL DJALMA FERREIRA DE SOUZA,MORADA DO OURO - SETOR OESTE,386,188,87,9,11,12,2,0,0,0,0,0,0,0,309,4,6,315,71,81.61%,18.39%,48.7%,22.54%
51,71,ESCOLA ESTADUAL DJALMA FERREIRA DE SOUZA,MORADA DO OURO - SETOR OESTE,387,215,80,9,13,7,0,0,0,0,0,0,0,0,324,4,6,316,71,81.65%,18.35%,55.56%,20.67%
51,72,ESCOLA ESTADUAL DJALMA FERREIRA DE SOUZA,MORADA DO OURO - SETOR OESTE,382,191,85,11,7,6,2,0,1,0,0,0,0,0,303,4,6,312,70,81.68%,18.32%,50.0%,22.25%
51,73,ESCOLA ESTADUAL DJALMA FERREIRA DE SOUZA,MORADA DO OURO - SETOR OESTE,380,185,81,12,11,12,0,1,0,0,0,0,0,0,302,4,6,310,70,81.58%,18.42%,48.68%,21.32%
51,99,ESCOLA ESTADUAL DJALMA FERREIRA DE SOUZA,MORADA DO OURO - SETOR OESTE,386,181,100,10,6,9,1,2,2,0,0,0,0,0,311,4,6,315,71,81.61%,18.39%,46.89%,25.91%
51,114,ESCOLA ESTADUAL DJALMA FERREIRA DE SOUZA,MORADA DO OURO - SETOR OESTE,384,175,97,10,7,12,0,1,0,0,0,0,0,0,302,4,6,314,70,81.77%,18.23%,45.57%,25.26%
51,132,ESCOLA ESTADUAL DJALMA FERREIRA DE SOUZA,MORADA DO OURO - SETOR OESTE,381,191,92,10,5,15,1,1,0,0,0,0,0,0,315,4,6,311,70,81.63%,18.37%,50.13%,24.15%
51,148,ESCOLA ESTADUAL DJALMA FERREIRA DE SOUZA,MORADA DO OURO - SETOR OESTE,382,196,77,9,10,9,2,1,1,0,0,0,0,0,305,4,6,312,70,81.68%,18.32%,51.31%,20.16%
51,250,ESCOLA ESTADUAL DJALMA FERREIRA DE SOUZA,MORADA DO OURO - SETOR OESTE,379,188,85,13,7,7,0,1,1,0,0,0,0,0,302,4,6,310,69,81.79%,18.21%,49.6%,22.43%
51,261,ESCOLA ESTADUAL DJALMA FERREIRA DE SOUZA,MORADA DO OURO - SETOR OESTE,382,189,85,13,9,9,1,1,1,0,0,0,1,0,309,4,6,312,70,81.68%,18.32%,49.48%,22.25%
51,292,ESCOLA ESTADUAL DJALMA FERREIRA DE SOUZA,MORADA DO OURO - SETOR OESTE,382,181,97,9,5,6,1,1,0,0,0,0,0,0,300,4,6,312,70,81.68%,18.32%,47.38%,25.39%
51,380,ESCOLA ESTADUAL DJALMA FERREIRA DE SOUZA,MORADA DO OURO - SETOR OESTE,270,144,78,6,8,7,1,0,0,0,0,0,0,0,244,3,4,221,49,81.85%,18.15%,53.33%,28.89%
55,338,EMEB PROFESSORA LIDIOLIRIA SANTANA,NICO BARACAT,389,135,168,6,3,4,0,0,1,0,0,0,0,0,317,4,7,314,75,80.72%,19.28%,34.7%,43.19%
55,341,EMEB PROFESSORA LIDIOLIRIA SANTANA,NICO BARACAT,215,71,94,0,2,1,0,0,0,0,0,0,0,0,168,2,4,173,42,80.47%,19.53%,33.02%,43.72%
55,181,ESCOLA ESTADUAL PROF.ª ALICE FONTES PINHEIRO,NOSSA SENHORA APARECIDA,354,180,84,10,9,6,0,0,0,0,0,0,0,0,289,4,6,285,69,80.51%,19.49%,50.85%,23.73%
55,182,ESCOLA ESTADUAL PROF.ª ALICE FONTES PINHEIRO,NOSSA SENHORA APARECIDA,354,196,70,9,11,6,1,1,0,0,0,0,0,0,294,4,6,285,69,80.51%,19.49%,55.37%,19.77%
55,183,ESCOLA ESTADUAL PROF.ª ALICE FONTES PINHEIRO,NOSSA SENHORA APARECIDA,353,197,74,3,6,7,0,0,0,0,0,0,0,0,287,4,6,285,68,80.74%,19.26%,55.81%,20.96%
55,184,ESCOLA ESTADUAL PROF.ª ALICE FONTES PINHEIRO,NOSSA SENHORA APARECIDA,356,185,75,5,7,4,0,2,0,0,0,0,0,0,278,4,6,287,69,80.62%,19.38%,51.97%,21.07%
55,185,ESCOLA ESTADUAL PROF.ª ALICE FONTES PINHEIRO,NOSSA SENHORA APARECIDA,354,189,70,6,6,6,2,0,0,0,0,0,0,0,279,4,6,285,69,80.51%,19.49%,53.39%,19.77%
55,220,ESCOLA ESTADUAL PROF.ª ALICE FONTES PINHEIRO,NOSSA SENHORA APARECIDA,355,209,75,7,3,3,1,1,0,0,0,0,0,0,299,4,6,286,69,80.56%,19.44%,58.87%,21.13%
55,278,ESCOLA ESTADUAL PROF.ª ALICE FONTES PINHEIRO,NOSSA SENHORA APARECIDA,355,199,66,5,6,9,2,1,0,0,0,0,0,0,288,4,6,286,69,80.56%,19.44%,56.06%,18.59%
55,313,ESCOLA ESTADUAL PROF.ª ALICE FONTES PINHEIRO,NOSSA SENHORA APARECIDA,350,166,76,3,2,10,0,0,0,0,0,0,0,0,257,4,6,282,68,80.57%,19.43%,47.43%,21.71%
1,862,ESCOLA ESTADUAL FILOGONIO CORRÊA,NOSSA SENHORA DA GUIA (DISTRITO),322,121,122,8,6,1,0,2,0,0,0,0,0,0,260,3,4,266,56,82.61%,17.39%,37.58%,37.89%
1,863,ESCOLA ESTADUAL FILOGONIO CORRÊA,NOSSA SENHORA DA GUIA (DISTRITO),323,126,106,8,7,2,0,0,0,1,0,0,0,0,250,3,4,267,56,82.66%,17.34%,39.01%,32.82%
1,864,ESCOLA ESTADUAL FILOGONIO CORRÊA,NOSSA SENHORA DA GUIA (DISTRITO),323,129,115,6,8,0,0,0,0,0,0,0,0,0,258,3,4,267,56,82.66%,17.34%,39.94%,35.6%
1,865,ESCOLA ESTADUAL FILOGONIO CORRÊA,NOSSA SENHORA DA GUIA (DISTRITO),325,141,92,3,3,0,0,0,0,0,0,0,0,0,239,3,4,269,56,82.77%,17.23%,43.38%,28.31%
1,866,ESCOLA ESTADUAL FILOGONIO CORRÊA,NOSSA SENHORA DA GUIA (DISTRITO),320,118,108,9,6,3,0,1,0,0,0,0,0,0,245,3,4,264,56,82.5%,17.5%,36.88%,33.75%
1,867,ESCOLA ESTADUAL FILOGONIO CORRÊA,NOSSA SENHORA DA GUIA (DISTRITO),320,127,121,6,4,1,0,0,2,0,0,0,0,0,261,3,4,264,56,82.5%,17.5%,39.69%,37.81%
1,926,ESCOLA ESTADUAL FILOGONIO CORRÊA,NOSSA SENHORA DA GUIA (DISTRITO),322,140,120,3,6,4,0,1,0,0,0,0,0,0,274,3,4,266,56,82.61%,17.39%,43.48%,37.27%
1,935,ESCOLA ESTADUAL FILOGONIO CORRÊA,NOSSA SENHORA DA GUIA (DISTRITO),319,129,99,5,5,3,0,0,0,0,0,0,0,0,241,3,4,264,55,82.76%,17.24%,40.44%,31.03%
1,1168,ESCOLA ESTADUAL FILOGONIO CORRÊA,NOSSA SENHORA DA GUIA (DISTRITO),318,118,95,4,6,4,2,0,1,0,0,0,0,0,230,3,4,263,55,82.7%,17.3%,37.11%,29.87%
1,1175,ESCOLA ESTADUAL FILOGONIO CORRÊA,NOSSA SENHORA DA GUIA (DISTRITO),319,132,98,6,8,5,1,1,0,0,0,0,0,0,251,3,4,264,55,82.76%,17.24%,41.38%,30.72%
51,221,ESCOLA MUNICIPAL IRMÃ MARIA BETTY DE SOUZA PIRES,NOVA MATO GROSSO,275,104,107,4,5,6,0,0,0,0,0,0,0,0,226,3,5,225,50,81.82%,18.18%,37.82%,38.91%
51,222,ESCOLA MUNICIPAL IRMÃ MARIA BETTY DE SOUZA PIRES,NOVA MATO GROSSO,277,124,83,2,1,7,0,0,0,0,0,0,0,0,217,3,5,226,51,81.59%,18.41%,44.77%,29.96%
51,223,ESCOLA MUNICIPAL IRMÃ MARIA BETTY DE SOUZA PIRES,NOVA MATO GROSSO,271,135,68,6,6,2,0,0,0,0,0,0,0,0,217,3,4,221,50,81.55%,18.45%,49.82%,25.09%
51,318,ESCOLA MUNICIPAL IRMÃ MARIA BETTY DE SOUZA PIRES,NOVA MATO GROSSO,276,135,83,5,7,6,0,0,1,0,0,0,0,0,237,3,5,225,51,81.52%,18.48%,48.91%,30.07%
1,1188,CEIC PROFA. MARIA FIGUEIREDO NUNES,NOVO COLORADO,48,27,15,2,2,1,0,1,0,0,0,0,0,0,48,0,1,40,8,83.33%,16.67%,56.25%,31.25%
39,559,ESCOLA MUNICIPAL DE EDUCAÇÃO BÁSICA JESCELINO JOSÉ REINERS,NOVO HORIZONTE,260,104,92,2,8,3,0,2,0,0,0,0,0,0,211,2,4,214,46,82.31%,17.69%,40.0%,35.38%
39,560,ESCOLA MUNICIPAL DE EDUCAÇÃO BÁSICA JESCELINO JOSÉ REINERS,NOVO HORIZONTE,259,114,86,5,1,2,2,0,0,0,0,0,0,0,210,2,4,213,46,82.24%,17.76%,44.02%,33.2%
39,561,ESCOLA MUNICIPAL DE EDUCAÇÃO BÁSICA JESCELINO JOSÉ REINERS,NOVO HORIZONTE,261,93,92,8,4,2,2,1,0,0,0,0,0,0,202,2,4,215,46,82.38%,17.62%,35.63%,35.25%
39,562,ESCOLA MUNICIPAL DE EDUCAÇÃO BÁSICA JESCELINO JOSÉ REINERS,NOVO HORIZONTE,257,104,90,6,10,0,1,0,0,0,0,0,0,0,211,2,4,212,45,82.49%,17.51%,40.47%,35.02%
39,563,ESCOLA MUNICIPAL DE EDUCAÇÃO BÁSICA JESCELINO JOSÉ REINERS,NOVO HORIZONTE,254,87,89,3,9,4,1,1,0,0,0,0,0,0,194,2,4,209,45,82.28%,17.72%,34.25%,35.04%
39,565,ESCOLA MUNICIPAL DE EDUCAÇÃO BÁSICA JESCELINO JOSÉ REINERS,NOVO HORIZONTE,259,114,74,5,3,4,0,0,0,0,0,0,0,0,200,2,4,213,46,82.24%,17.76%,44.02%,28.57%
39,566,ESCOLA MUNICIPAL DE EDUCAÇÃO BÁSICA JESCELINO JOSÉ REINERS,NOVO HORIZONTE,259,123,68,7,5,1,2,0,0,0,0,0,0,0,206,2,4,213,46,82.24%,17.76%,47.49%,26.25%
39,567,ESCOLA MUNICIPAL DE EDUCAÇÃO BÁSICA JESCELINO JOSÉ REINERS,NOVO HORIZONTE,258,103,75,3,2,8,3,0,1,0,0,0,0,0,195,2,4,213,45,82.56%,17.44%,39.92%,29.07%
51,49,ESCOLA MUNICIPAL PEDROSA DE MORAIS E SILVA,NOVO PARAÍSO,368,144,131,7,3,3,0,1,0,0,0,0,0,0,289,4,6,301,67,81.79%,18.21%,39.13%,35.6%
51,50,ESCOLA MUNICIPAL PEDROSA DE MORAIS E SILVA,NOVO PARAÍSO,369,124,125,6,7,5,0,0,0,0,0,0,0,0,267,4,6,301,68,81.57%,18.43%,33.6%,33.88%
51,55,ESCOLA MUNICIPAL PEDROSA DE MORAIS E SILVA,NOVO PARAÍSO,369,139,121,4,6,4,0,1,1,0,0,0,0,0,276,4,6,301,68,81.57%,18.43%,37.67%,32.79%
51,56,ESCOLA MUNICIPAL PEDROSA DE MORAIS E SILVA,NOVO PARAÍSO,361,144,119,5,6,8,2,2,0,0,0,0,0,0,286,4,6,295,66,81.72%,18.28%,39.89%,32.96%
51,67,ESCOLA MUNICIPAL PEDROSA DE MORAIS E SILVA,NOVO PARAÍSO,362,146,117,8,2,2,1,2,0,0,0,0,0,0,278,4,6,296,66,81.77%,18.23%,40.33%,32.32%
51,107,ESCOLA MUNICIPAL PEDROSA DE MORAIS E SILVA,NOVO PARAÍSO,366,141,107,9,10,7,0,1,0,1,0,0,0,0,276,4,6,299,67,81.69%,18.31%,38.52%,29.23%
51,126,ESCOLA MUNICIPAL PEDROSA DE MORAIS E SILVA,NOVO PARAÍSO,363,128,111,9,10,6,0,1,0,0,0,0,0,0,265,4,6,297,66,81.82%,18.18%,35.26%,30.58%
51,142,ESCOLA MUNICIPAL PEDROSA DE MORAIS E SILVA,NOVO PARAÍSO,364,147,112,7,6,4,0,1,0,0,0,0,0,0,277,4,6,297,67,81.59%,18.41%,40.38%,30.77%
51,249,ESCOLA MUNICIPAL PEDROSA DE MORAIS E SILVA,NOVO PARAÍSO,366,123,117,8,7,0,1,2,0,0,0,0,0,0,258,4,6,299,67,81.69%,18.31%,33.61%,31.97%
51,266,ESCOLA MUNICIPAL PEDROSA DE MORAIS E SILVA,NOVO PARAÍSO,362,144,109,14,8,4,0,0,0,0,0,0,0,0,279,4,6,296,66,81.77%,18.23%,39.78%,30.11%
51,315,ESCOLA MUNICIPAL PEDROSA DE MORAIS E SILVA,NOVO PARAÍSO,365,137,110,7,4,7,0,1,0,0,0,0,0,0,266,4,6,298,67,81.64%,18.36%,37.53%,30.14%
51,372,ESCOLA MUNICIPAL PEDROSA DE MORAIS E SILVA,NOVO PARAÍSO,360,119,106,7,1,7,0,0,1,0,0,0,0,0,241,4,6,294,66,81.67%,18.33%,33.06%,29.44%
1,996,ESCOLA ESTADUAL DE PRIMEIRO GRAU PADRE WANIR DELFINO CÉSAR,NOVO TERCEIRO,300,138,87,5,3,7,0,0,0,1,0,0,0,0,241,2,4,248,52,82.67%,17.33%,46.0%,29.0%
1,997,ESCOLA ESTADUAL DE PRIMEIRO GRAU PADRE WANIR DELFINO CÉSAR,NOVO TERCEIRO,294,122,100,9,4,4,0,0,0,0,0,0,0,0,239,2,4,243,51,82.65%,17.35%,41.5%,34.01%
1,998,ESCOLA ESTADUAL DE PRIMEIRO GRAU PADRE WANIR DELFINO CÉSAR,NOVO TERCEIRO,296,136,99,9,3,2,0,0,0,0,0,0,0,0,249,2,4,245,51,82.77%,17.23%,45.95%,33.45%
1,999,ESCOLA ESTADUAL DE PRIMEIRO GRAU PADRE WANIR DELFINO CÉSAR,NOVO TERCEIRO,299,116,105,15,3,3,1,3,1,1,1,0,0,0,249,2,4,247,52,82.61%,17.39%,38.8%,35.12%
1,1000,ESCOLA ESTADUAL DE PRIMEIRO GRAU PADRE WANIR DELFINO CÉSAR,NOVO TERCEIRO,302,141,101,12,3,5,1,2,0,0,0,0,0,0,265,2,4,250,52,82.78%,17.22%,46.69%,33.44%
1,1001,ESCOLA ESTADUAL DE PRIMEIRO GRAU PADRE WANIR DELFINO CÉSAR,NOVO TERCEIRO,301,128,94,12,2,1,0,0,0,0,0,0,0,0,237,2,4,249,52,82.72%,17.28%,42.52%,31.23%
1,1002,ESCOLA ESTADUAL DE PRIMEIRO GRAU PADRE WANIR DELFINO CÉSAR,NOVO TERCEIRO,296,137,92,8,6,0,0,0,1,0,0,0,0,0,244,2,4,245,51,82.77%,17.23%,46.28%,31.08%
1,1003,ESCOLA ESTADUAL DE PRIMEIRO GRAU PADRE WANIR DELFINO CÉSAR,NOVO TERCEIRO,294,135,90,8,4,3,0,1,0,0,0,0,0,0,241,2,4,243,51,82.65%,17.35%,45.92%,30.61%
1,1004,ESCOLA ESTADUAL DE PRIMEIRO GRAU PADRE WANIR DELFINO CÉSAR,NOVO TERCEIRO,295,150,83,7,5,6,0,1,1,0,0,0,0,0,253,2,4,244,51,82.71%,17.29%,50.85%,28.14%
1,1005,ESCOLA ESTADUAL DE PRIMEIRO GRAU PADRE WANIR DELFINO CÉSAR,NOVO TERCEIRO,296,155,73,5,8,5,0,1,0,0,0,0,0,0,247,2,4,245,51,82.77%,17.23%,52.36%,24.66%
55,41,ESCOLA MUNICIPAL OSMAR JOSÉ DO CARMO CABRAL,OSMAR CABRAL,360,136,133,8,7,4,1,1,0,0,0,0,0,0,290,4,6,290,70,80.56%,19.44%,37.78%,36.94%
55,42,ESCOLA MUNICIPAL OSMAR JOSÉ DO CARMO CABRAL,OSMAR CABRAL,360,142,127,5,6,5,1,1,1,0,0,0,0,0,288,4,6,290,70,80.56%,19.44%,39.44%,35.28%
55,43,ESCOLA MUNICIPAL OSMAR JOSÉ DO CARMO CABRAL,OSMAR CABRAL,364,136,128,7,6,5,0,0,0,0,1,0,0,0,283,4,7,293,71,80.49%,19.51%,37.36%,35.16%
55,44,ESCOLA MUNICIPAL OSMAR JOSÉ DO CARMO CABRAL,OSMAR CABRAL,367,138,124,8,7,5,0,0,0,1,0,0,0,0,283,4,7,296,71,80.65%,19.35%,37.6%,33.79%
55,50,ESCOLA MUNICIPAL OSMAR JOSÉ DO CARMO CABRAL,OSMAR CABRAL,360,121,122,6,17,4,0,0,0,1,1,0,0,0,272,4,6,290,70,80.56%,19.44%,33.61%,33.89%
55,272,ESCOLA MUNICIPAL OSMAR JOSÉ DO CARMO CABRAL,OSMAR CABRAL,364,129,117,17,5,5,1,1,0,1,0,0,0,0,276,4,7,293,71,80.49%,19.51%,35.44%,32.14%
55,289,ESCOLA MUNICIPAL OSMAR JOSÉ DO CARMO CABRAL,OSMAR CABRAL,365,129,123,7,3,3,1,3,0,0,1,0,0,0,270,4,7,294,71,80.55%,19.45%,35.34%,33.7%
55,320,ESCOLA MUNICIPAL OSMAR JOSÉ DO CARMO CABRAL,OSMAR CABRAL,363,144,106,3,3,10,1,0,0,1,0,0,0,0,268,4,6,293,70,80.72%,19.28%,39.67%,29.2%
55,333,ESCOLA MUNICIPAL DE EDUCAÇÃO BÁSICA ANA LUÍZA PRADO BASTOS,OSMAR CABRAL,380,119,132,9,7,7,1,0,0,0,0,1,0,0,276,4,7,306,74,80.53%,19.47%,31.32%,34.74%
55,339,ESCOLA MUNICIPAL DE EDUCAÇÃO BÁSICA LIBERDADE,OSMAR CABRAL,84,35,32,2,0,4,0,0,1,0,0,0,0,0,74,1,2,68,16,80.95%,19.05%,41.67%,38.1%
55,342,ESCOLA MUNICIPAL DE EDUCAÇÃO BÁSICA ANA LUÍZA PRADO BASTOS,OSMAR CABRAL,137,49,40,8,4,6,0,0,0,0,0,0,0,0,107,2,2,110,27,80.29%,19.71%,35.77%,29.2%
51,151,ESCOLA MUNICIPAL DEPUTADO ULISSES SILVEIRA GUIMARÃES,OURO FINO,290,141,70,9,1,3,1,0,2,0,0,0,2,0,229,3,5,237,53,81.72%,18.28%,48.62%,24.14%
51,303,ESCOLA MUNICIPAL DEPUTADO ULISSES SILVEIRA GUIMARÃES,OURO FINO,302,155,80,3,13,4,0,0,0,0,0,0,0,0,255,3,5,247,55,81.79%,18.21%,51.32%,26.49%
51,368,ESCOLA MUNICIPAL DEPUTADO ULISSES SILVEIRA GUIMARÃES,OURO FINO,253,89,88,5,3,7,1,1,0,0,0,0,0,0,194,3,4,207,46,81.82%,18.18%,35.18%,34.78%
55,186,ESCOLA MUNICIPAL FLORIANO BOCHENEKI (13 DE SETEMBRO),PARQUE ATALAIA,392,159,119,7,6,9,1,1,3,0,0,0,0,0,305,4,7,316,76,80.61%,19.39%,40.56%,30.36%
55,187,ESCOLA MUNICIPAL FLORIANO BOCHENEKI (13 DE SETEMBRO),PARQUE ATALAIA,389,164,114,10,14,4,0,1,1,0,0,0,0,0,308,4,7,314,75,80.72%,19.28%,42.16%,29.31%
55,188,ESCOLA MUNICIPAL FLORIANO BOCHENEKI (13 DE SETEMBRO),PARQUE ATALAIA,395,164,110,4,11,4,1,1,2,0,0,0,0,0,297,5,7,318,77,80.51%,19.49%,41.52%,27.85%
55,189,ESCOLA MUNICIPAL FLORIANO BOCHENEKI (13 DE SETEMBRO),PARQUE ATALAIA,393,156,107,4,13,12,0,0,1,0,1,0,0,0,294,4,7,317,76,80.66%,19.34%,39.69%,27.23%
55,190,ESCOLA MUNICIPAL FLORIANO BOCHENEKI (13 DE SETEMBRO),PARQUE ATALAIA,389,202,90,8,5,9,0,2,1,0,0,0,0,0,317,4,7,314,75,80.72%,19.28%,51.93%,23.14%
55,208,ESCOLA MUNICIPAL FLORIANO BOCHENEKI (13 DE SETEMBRO),PARQUE ATALAIA,391,175,95,7,5,9,0,0,0,0,0,0,0,0,291,4,7,315,76,80.56%,19.44%,44.76%,24.3%
55,248,ESCOLA MUNICIPAL FLORIANO BOCHENEKI (13 DE SETEMBRO),PARQUE ATALAIA,392,189,85,11,9,6,0,0,0,0,0,0,0,0,300,4,7,316,76,80.61%,19.39%,48.21%,21.68%
55,288,ESCOLA MUNICIPAL FLORIANO BOCHENEKI (13 DE SETEMBRO),PARQUE ATALAIA,393,172,106,8,4,8,0,2,0,0,0,0,0,0,300,4,7,317,76,80.66%,19.34%,43.77%,26.97%
55,329,ESCOLA MUNICIPAL FLORIANO BOCHENEKI (13 DE SETEMBRO),PARQUE ATALAIA,393,157,97,7,10,13,0,0,1,0,0,0,0,0,285,4,7,317,76,80.66%,19.34%,39.95%,24.68%
55,142,ESCOLA ESTADUAL HELIODORO CAPISTRANO DA SILVA,PARQUE CUIABÁ,390,190,108,11,7,8,0,1,0,0,0,0,0,0,325,4,7,314,76,80.51%,19.49%,48.72%,27.69%
55,143,ESCOLA ESTADUAL HELIODORO CAPISTRANO DA SILVA,PARQUE CUIABÁ,393,179,91,6,5,7,0,0,1,1,0,0,0,0,290,4,7,317,76,80.66%,19.34%,45.55%,23.16%
55,144,ESCOLA ESTADUAL HELIODORO CAPISTRANO DA SILVA,PARQUE CUIABÁ,394,185,93,8,8,9,2,0,1,0,0,0,0,0,306,5,7,318,76,80.71%,19.29%,46.95%,23.6%
55,145,ESCOLA ESTADUAL HELIODORO CAPISTRANO DA SILVA,PARQUE CUIABÁ,390,195,80,16,9,6,0,2,0,0,0,0,0,0,308,4,7,314,76,80.51%,19.49%,50.0%,20.51%
55,146,ESCOLA ESTADUAL HELIODORO CAPISTRANO DA SILVA,PARQUE CUIABÁ,393,177,88,14,8,14,0,0,0,0,0,0,0,0,301,4,7,317,76,80.66%,19.34%,45.04%,22.39%
55,147,ESCOLA ESTADUAL HELIODORO CAPISTRANO DA SILVA,PARQUE CUIABÁ,387,169,88,13,8,5,1,0,1,0,0,0,0,0,285,4,7,312,75,80.62%,19.38%,43.67%,22.74%
55,148,ESCOLA ESTADUAL HELIODORO CAPISTRANO DA SILVA,PARQUE CUIABÁ,393,176,95,6,10,9,1,0,1,0,1,0,0,0,299,4,7,317,76,80.66%,19.34%,44.78%,24.17%
55,149,ESCOLA ESTADUAL HELIODORO CAPISTRANO DA SILVA,PARQUE CUIABÁ,393,185,93,7,4,11,2,0,1,0,0,0,0,0,303,4,7,317,76,80.66%,19.34%,47.07%,23.66%
55,150,ESCOLA ESTADUAL HELIODORO CAPISTRANO DA SILVA,PARQUE CUIABÁ,396,195,89,10,8,4,0,0,0,0,0,0,0,0,306,5,7,319,77,80.56%,19.44%,49.24%,22.47%
55,151,ESCOLA ESTADUAL HELIODORO CAPISTRANO DA SILVA,PARQUE CUIABÁ,388,181,84,9,4,11,0,1,1,1,0,0,0,0,292,4,7,313,75,80.67%,19.33%,46.65%,21.65%
55,206,ESCOLA ESTADUAL HELIODORO CAPISTRANO DA SILVA,PARQUE CUIABÁ,390,187,86,14,7,10,0,0,0,0,0,1,0,0,305,4,7,314,76,80.51%,19.49%,47.95%,22.05%
55,216,ESCOLA MUNICIPAL PE. RAIMUNDO CONCEIÇÃO POMBO MOREIRA DA CRUZ,PARQUE CUIABÁ,385,181,98,16,10,5,2,1,0,0,0,0,0,0,313,4,7,310,75,80.52%,19.48%,47.01%,25.45%
55,226,ESCOLA MUNICIPAL PE. RAIMUNDO CONCEIÇÃO POMBO MOREIRA DA CRUZ,PARQUE CUIABÁ,390,189,91,12,4,13,1,1,0,0,0,0,0,0,311,4,7,314,76,80.51%,19.49%,48.46%,23.33%
55,228,ESCOLA MUNICIPAL PE. RAIMUNDO CONCEIÇÃO POMBO MOREIRA DA CRUZ,PARQUE CUIABÁ,391,192,88,10,4,9,1,2,0,0,0,0,0,0,306,4,7,315,76,80.56%,19.44%,49.1%,22.51%
55,243,ESCOLA MUNICIPAL PE. RAIMUNDO CONCEIÇÃO POMBO MOREIRA DA CRUZ,PARQUE CUIABÁ,388,183,96,11,5,10,0,0,0,1,0,0,0,0,306,4,7,313,75,80.67%,19.33%,47.16%,24.74%
55,274,ESCOLA ESTADUAL HELIODORO CAPISTRANO DA SILVA,PARQUE CUIABÁ,394,193,98,8,5,8,1,0,0,1,0,0,0,0,314,5,7,318,76,80.71%,19.29%,48.98%,24.87%
55,286,ESCOLA ESTADUAL HELIODORO CAPISTRANO DA SILVA,PARQUE CUIABÁ,393,189,81,19,2,3,0,0,1,1,0,0,0,0,296,4,7,317,76,80.66%,19.34%,48.09%,20.61%
55,310,ESCOLA MUNICIPAL PE. RAIMUNDO CONCEIÇÃO POMBO MOREIRA DA CRUZ,PARQUE CUIABÁ,387,167,85,10,4,8,2,0,1,0,0,0,0,0,277,4,7,312,75,80.62%,19.38%,43.15%,21.96%
55,319,CENTRO EDUCACIONAL INFANTIL CUIABANO - CEIC JOSÉ GABRIEL DA COSTA,PARQUE GEORGIA,381,165,128,12,7,4,0,0,0,0,0,0,0,0,316,4,7,307,74,80.58%,19.42%,43.31%,33.6%
55,343,CENTRO EDUCACIONAL INFANTIL CUIABANO - CEIC JOSÉ GABRIEL DA COSTA,PARQUE GEORGIA,143,87,28,1,2,5,2,0,0,0,0,0,0,0,125,2,3,115,28,80.42%,19.58%,60.84%,19.58%
55,96,ESCOLA MUNICIPAL JESUS CRIANÇA,PARQUE NOVA ESPERANÇA,343,137,116,3,10,3,1,0,0,0,0,0,0,0,270,4,6,276,67,80.47%,19.53%,39.94%,33.82%
55,105,ESCOLA MUNICIPAL JESUS CRIANÇA,PARQUE NOVA ESPERANÇA,346,122,107,9,5,6,1,0,0,0,0,0,0,0,250,4,6,279,67,80.64%,19.36%,35.26%,30.92%
55,200,ESCOLA MUNICIPAL JESUS CRIANÇA,PARQUE NOVA ESPERANÇA,346,158,87,11,6,5,0,0,0,0,0,0,0,0,267,4,6,279,67,80.64%,19.36%,45.66%,25.14%
55,230,ESCOLA MUNICIPAL JESUS CRIANÇA,PARQUE NOVA ESPERANÇA,337,154,92,9,5,2,1,1,0,0,0,0,0,0,264,4,6,272,65,80.71%,19.29%,45.7%,27.3%
55,260,ESCOLA MUNICIPAL JESUS CRIANÇA,PARQUE NOVA ESPERANÇA,339,150,76,13,12,8,0,0,2,0,0,0,0,0,261,4,6,273,66,80.53%,19.47%,44.25%,22.42%
55,280,ESCOLA MUNICIPAL JESUS CRIANÇA,PARQUE NOVA ESPERANÇA,350,157,103,4,9,1,0,0,2,0,0,0,0,0,276,4,6,282,68,80.57%,19.43%,44.86%,29.43%
55,298,ESCOLA MUNICIPAL JESUS CRIANÇA,PARQUE NOVA ESPERANÇA,344,146,88,6,7,4,0,0,0,0,0,0,0,0,251,4,6,277,67,80.52%,19.48%,42.44%,25.58%
55,331,ESCOLA MUNICIPAL JESUS CRIANÇA,PARQUE NOVA ESPERANÇA,343,122,116,6,2,5,0,0,0,0,0,1,0,0,252,4,6,276,67,80.47%,19.53%,35.57%,33.82%
55,1,ESCOLA MUNICIPAL MOACIR GRATIDIANO DORILEO,PARQUE OHARA,386,192,104,10,4,7,2,0,0,0,0,0,0,0,319,4,7,311,75,80.57%,19.43%,49.74%,26.94%
55,2,ESCOLA MUNICIPAL MOACIR GRATIDIANO DORILEO,PARQUE OHARA,383,188,97,7,2,11,1,0,0,0,0,0,0,0,306,4,7,309,74,80.68%,19.32%,49.09%,25.33%
55,3,ESCOLA MUNICIPAL MOACIR GRATIDIANO DORILEO,PARQUE OHARA,382,174,102,11,10,3,0,0,2,0,0,0,0,0,302,4,7,308,74,80.63%,19.37%,45.55%,26.7%
55,4,ESCOLA MUNICIPAL MOACIR GRATIDIANO DORILEO,PARQUE OHARA,382,174,112,10,3,7,0,0,0,0,0,0,0,0,306,4,7,308,74,80.63%,19.37%,45.55%,29.32%
55,241,ESCOLA MUNICIPAL MOACIR GRATIDIANO DORILEO,PARQUE OHARA,380,187,102,12,4,6,2,0,0,0,0,0,0,0,313,4,7,306,74,80.53%,19.47%,49.21%,26.84%
55,311,ESCOLA MUNICIPAL MOACIR GRATIDIANO DORILEO,PARQUE OHARA,380,166,99,11,3,14,0,1,2,0,0,0,0,0,296,4,7,306,74,80.53%,19.47%,43.68%,26.05%
55,32,ESCOLA ESTADUAL PROF. WELSON MESQUITA (PASCOAL RAMOS),PASCOAL RAMOS,365,148,107,11,10,11,2,0,3,0,0,0,0,0,292,4,7,294,71,80.55%,19.45%,40.55%,29.32%
55,33,ESCOLA ESTADUAL PROF. WELSON MESQUITA (PASCOAL RAMOS),PASCOAL RAMOS,366,170,83,7,8,4,0,0,1,0,0,0,0,0,273,4,7,295,71,80.6%,19.4%,46.45%,22.68%
55,34,ESCOLA ESTADUAL PROF. WELSON MESQUITA (PASCOAL RAMOS),PASCOAL RAMOS,364,157,100,13,9,7,1,0,1,0,0,0,0,0,288,4,7,293,71,80.49%,19.51%,43.13%,27.47%
55,35,ESCOLA ESTADUAL PROF. WELSON MESQUITA (PASCOAL RAMOS),PASCOAL RAMOS,366,152,89,12,7,5,0,0,0,0,0,1,0,0,266,4,7,295,71,80.6%,19.4%,41.53%,24.32%
55,36,ESCOLA ESTADUAL PROF. WELSON MESQUITA (PASCOAL RAMOS),PASCOAL RAMOS,362,157,89,14,9,5,0,0,0,0,1,0,0,0,275,4,6,292,70,80.66%,19.34%,43.37%,24.59%
55,37,ESCOLA ESTADUAL PROF. WELSON MESQUITA (PASCOAL RAMOS),PASCOAL RAMOS,361,166,110,7,3,8,0,0,0,0,0,0,0,0,294,4,6,291,70,80.61%,19.39%,45.98%,30.47%
55,38,ESCOLA MUNICIPAL PROF. ONOFRE DE OLIVEIRA,PASCOAL RAMOS,198,0,0,0,0,0,0,0,0,0,0,0,0,0,0,2,4,160,38,80.81%,19.19%,0.0%,0.0%
55,39,ESCOLA MUNICIPAL PROF. ONOFRE DE OLIVEIRA,PASCOAL RAMOS,198,0,0,0,0,0,0,0,0,0,0,0,0,0,0,2,4,160,38,80.81%,19.19%,0.0%,0.0%
55,40,ESCOLA MUNICIPAL PROF. ONOFRE DE OLIVEIRA,PASCOAL RAMOS,200,173,120,11,11,5,0,0,0,0,0,0,0,0,320,2,4,161,39,80.5%,19.5%,86.5%,60.0%
55,68,ESCOLA MUNICIPAL PROF. ONOFRE DE OLIVEIRA,PASCOAL RAMOS,201,170,126,10,8,6,0,1,1,0,0,0,0,0,322,2,4,162,39,80.6%,19.4%,84.58%,62.69%
55,88,ESCOLA ESTADUAL PROF. WELSON MESQUITA (PASCOAL RAMOS),PASCOAL RAMOS,362,162,78,13,4,13,0,0,0,0,0,0,0,0,270,4,6,292,70,80.66%,19.34%,44.75%,21.55%
55,234,ESCOLA ESTADUAL PROF. WELSON MESQUITA (PASCOAL RAMOS),PASCOAL RAMOS,365,171,79,10,4,11,1,1,0,0,0,0,0,0,277,4,7,294,71,80.55%,19.45%,46.85%,21.64%
55,235,ESCOLA ESTADUAL PROF. WELSON MESQUITA (PASCOAL RAMOS),PASCOAL RAMOS,363,165,94,4,5,9,0,0,1,0,0,0,0,0,278,4,6,293,70,80.72%,19.28%,45.45%,25.9%
55,258,ESCOLA ESTADUAL PROF. WELSON MESQUITA (PASCOAL RAMOS),PASCOAL RAMOS,360,162,92,11,5,9,1,0,0,0,0,0,0,0,280,4,6,290,70,80.56%,19.44%,45.0%,25.56%
55,46,ESCOLA ESTADUAL MALIK NOMER ZAHAFI DIDIER,PEDRA 90,358,137,101,7,6,4,0,1,2,0,0,0,0,0,258,4,6,289,69,80.73%,19.27%,38.27%,28.21%
55,47,ESCOLA ESTADUAL MALIK NOMER ZAHAFI DIDIER,PEDRA 90,356,137,108,6,5,7,1,0,0,0,0,0,0,0,264,4,6,287,69,80.62%,19.38%,38.48%,30.34%
55,48,ESCOLA ESTADUAL MALIK NOMER ZAHAFI DIDIER,PEDRA 90,354,136,115,10,4,2,1,2,0,0,0,0,0,0,270,4,6,285,69,80.51%,19.49%,38.42%,32.49%
55,54,ESCOLA ESTADUAL RAFAEL RUEDA (INTEGRADA CAIC),PEDRA 90,352,147,101,6,7,6,0,1,1,0,0,0,0,0,269,4,6,284,68,80.68%,19.32%,41.76%,28.69%
55,55,ESCOLA ESTADUAL RAFAEL RUEDA (INTEGRADA CAIC),PEDRA 90,356,131,111,8,5,4,0,0,1,0,0,0,0,0,260,4,6,287,69,80.62%,19.38%,36.8%,31.18%
55,60,ESCOLA ESTADUAL MALIK NOMER ZAHAFI DIDIER,PEDRA 90,354,141,117,6,4,2,0,0,0,0,0,0,0,0,270,4,6,285,69,80.51%,19.49%,39.83%,33.05%
55,61,ESCOLA ESTADUAL MALIK NOMER ZAHAFI DIDIER,PEDRA 90,350,127,120,7,3,7,1,0,1,0,0,0,0,0,266,4,6,282,68,80.57%,19.43%,36.29%,34.29%
55,64,ESCOLA ESTADUAL RAFAEL RUEDA (INTEGRADA CAIC),PEDRA 90,355,137,104,9,5,5,0,1,1,0,0,0,0,0,262,4,6,286,69,80.56%,19.44%,38.59%,29.3%
55,70,ESCOLA ESTADUAL RAFAEL RUEDA (INTEGRADA CAIC),PEDRA 90,354,150,96,5,5,7,0,1,0,0,0,0,0,0,264,4,6,285,69,80.51%,19.49%,42.37%,27.12%
55,72,ESCOLA ESTADUAL MALIK NOMER ZAHAFI DIDIER,PEDRA 90,356,147,106,5,7,5,1,1,0,0,0,0,0,0,272,4,6,287,69,80.62%,19.38%,41.29%,29.78%
55,73,ESCOLA MUNICIPAL SENADOR GASTÃO DE MATOS MULLER,PEDRA 90,389,154,128,11,4,4,1,0,0,0,0,0,0,0,302,4,7,314,75,80.72%,19.28%,39.59%,32.9%
55,83,ESCOLA MUNICIPAL SENADOR GASTÃO DE MATOS MULLER,PEDRA 90,387,146,134,6,8,4,0,0,2,0,0,0,0,0,300,4,7,312,75,80.62%,19.38%,37.73%,34.63%
55,87,ESCOLA MUNICIPAL SENADOR GASTÃO DE MATOS MULLER,PEDRA 90,387,150,128,9,12,3,0,0,0,0,0,0,0,0,302,4,7,312,75,80.62%,19.38%,38.76%,33.07%
55,89,ESCOLA MUNICIPAL SENADOR GASTÃO DE MATOS MULLER,PEDRA 90,388,126,145,7,8,5,0,0,1,0,0,0,0,0,292,4,7,313,75,80.67%,19.33%,32.47%,37.37%
55,94,ESCOLA ESTADUAL RAFAEL RUEDA (INTEGRADA CAIC),PEDRA 90,353,141,108,11,2,4,0,0,0,0,0,0,0,0,266,4,6,285,68,80.74%,19.26%,39.94%,30.59%
55,98,ESCOLA MUNICIPAL SENADOR GASTÃO DE MATOS MULLER,PEDRA 90,387,150,123,9,6,5,0,1,2,1,0,0,0,0,297,4,7,312,75,80.62%,19.38%,38.76%,31.78%
55,101,ESCOLA ESTADUAL MALIK NOMER ZAHAFI DIDIER,PEDRA 90,348,134,126,6,4,4,1,0,0,0,0,0,0,0,275,4,6,281,67,80.75%,19.25%,38.51%,36.21%
55,103,ESCOLA ESTADUAL RAFAEL RUEDA (INTEGRADA CAIC),PEDRA 90,351,142,119,10,6,6,0,0,1,0,0,0,0,0,284,4,6,283,68,80.63%,19.37%,40.46%,33.9%
55,104,ESCOLA MUNICIPAL SENADOR GASTÃO DE MATOS MULLER,PEDRA 90,385,140,139,12,7,5,0,0,0,0,0,0,0,0,303,4,7,310,75,80.52%,19.48%,36.36%,36.1%
55,112,ESCOLA ESTADUAL MALIK NOMER ZAHAFI DIDIER,PEDRA 90,352,137,101,7,6,5,1,1,0,0,0,0,0,0,258,4,6,284,68,80.68%,19.32%,38.92%,28.69%
55,114,ESCOLA ESTADUAL RAFAEL RUEDA (INTEGRADA CAIC),PEDRA 90,354,131,107,8,7,6,1,0,0,0,0,0,0,0,260,4,6,285,69,80.51%,19.49%,37.01%,30.23%
55,115,ESCOLA ESTADUAL MÁRIO DE CASTRO,PEDRA 90,382,172,119,15,5,4,1,1,0,0,0,0,0,0,317,4,7,308,74,80.63%,19.37%,45.03%,31.15%
55,122,ESCOLA ESTADUAL MALIK NOMER ZAHAFI DIDIER,PEDRA 90,346,159,97,7,4,5,0,0,1,0,0,0,0,1,274,4,6,279,67,80.64%,19.36%,45.95%,28.03%
55,123,ESCOLA ESTADUAL RAFAEL RUEDA (INTEGRADA CAIC),PEDRA 90,353,159,86,15,7,6,0,0,0,0,0,0,0,0,273,4,6,285,68,80.74%,19.26%,45.04%,24.36%
55,199,ESCOLA MUNICIPAL SENADOR GASTÃO DE MATOS MULLER,PEDRA 90,384,142,145,9,6,1,1,0,0,0,0,0,0,0,304,4,7,310,74,80.73%,19.27%,36.98%,37.76%
55,205,ESCOLA ESTADUAL MÁRIO DE CASTRO,PEDRA 90,380,143,103,9,7,7,0,1,0,0,0,0,0,0,270,4,7,306,74,80.53%,19.47%,37.63%,27.11%
55,214,ESCOLA ESTADUAL MALIK NOMER ZAHAFI DIDIER,PEDRA 90,343,151,96,7,8,4,1,0,0,0,0,0,0,0,267,4,6,276,67,80.47%,19.53%,44.02%,27.99%
55,219,ESCOLA ESTADUAL MÁRIO DE CASTRO,PEDRA 90,386,144,112,12,5,9,0,1,0,0,0,0,0,0,283,4,7,311,75,80.57%,19.43%,37.31%,29.02%
55,225,ESCOLA ESTADUAL MALIK NOMER ZAHAFI DIDIER,PEDRA 90,358,140,102,11,3,9,0,0,0,0,0,0,0,0,265,4,6,289,69,80.73%,19.27%,39.11%,28.49%
55,227,ESCOLA ESTADUAL MÁRIO DE CASTRO,PEDRA 90,379,154,102,3,10,5,0,0,1,0,0,0,0,0,275,4,7,306,73,80.74%,19.26%,40.63%,26.91%
55,231,ESCOLA ESTADUAL MÁRIO DE CASTRO,PEDRA 90,374,163,105,5,4,4,0,0,0,0,0,0,0,0,281,4,7,301,73,80.48%,19.52%,43.58%,28.07%
55,239,ESCOLA ESTADUAL MALIK NOMER ZAHAFI DIDIER,PEDRA 90,355,147,103,7,6,5,1,0,1,0,0,0,0,0,270,4,6,286,69,80.56%,19.44%,41.41%,29.01%
55,250,ESCOLA ESTADUAL MÁRIO DE CASTRO,PEDRA 90,384,152,111,8,6,4,1,0,0,0,0,0,0,0,282,4,7,310,74,80.73%,19.27%,39.58%,28.91%
55,254,ESCOLA ESTADUAL MALIK NOMER ZAHAFI DIDIER,PEDRA 90,345,129,94,8,7,3,0,0,1,0,0,0,0,0,242,4,6,278,67,80.58%,19.42%,37.39%,27.25%
55,256,ESCOLA MUNICIPAL SENADOR GASTÃO DE MATOS MULLER,PEDRA 90,386,145,109,6,13,6,0,0,1,0,0,0,0,0,280,4,7,311,75,80.57%,19.43%,37.56%,28.24%
55,259,ESCOLA ESTADUAL RAFAEL RUEDA (INTEGRADA CAIC),PEDRA 90,353,150,105,4,2,5,0,0,0,0,1,0,0,0,267,4,6,285,68,80.74%,19.26%,42.49%,29.75%
55,268,ESCOLA ESTADUAL MALIK NOMER ZAHAFI DIDIER,PEDRA 90,342,121,113,11,5,5,1,0,0,0,0,0,0,1,257,4,6,276,66,80.7%,19.3%,35.38%,33.04%
55,270,ESCOLA ESTADUAL RAFAEL RUEDA (INTEGRADA CAIC),PEDRA 90,356,137,102,10,3,7,0,1,0,0,0,0,0,0,260,4,6,287,69,80.62%,19.38%,38.48%,28.65%
55,275,ESCOLA ESTADUAL MÁRIO DE CASTRO,PEDRA 90,391,157,106,14,6,5,2,1,2,0,0,0,0,0,293,4,7,315,76,80.56%,19.44%,40.15%,27.11%
55,277,ESCOLA ESTADUAL MALIK NOMER ZAHAFI DIDIER,PEDRA 90,353,122,115,7,4,7,0,0,2,0,0,0,0,0,257,4,6,285,68,80.74%,19.26%,34.56%,32.58%
55,287,ESCOLA ESTADUAL RAFAEL RUEDA (INTEGRADA CAIC),PEDRA 90,354,143,86,11,4,6,2,0,1,0,0,0,0,0,253,4,6,285,69,80.51%,19.49%,40.4%,24.29%
55,291,ESCOLA ESTADUAL MALIK NOMER ZAHAFI DIDIER,PEDRA 90,341,144,101,11,7,1,0,0,0,0,0,0,0,0,264,4,6,275,66,80.65%,19.35%,42.23%,29.62%
55,300,ESCOLA ESTADUAL MALIK NOMER ZAHAFI DIDIER,PEDRA 90,343,121,96,5,5,4,0,0,0,0,0,0,0,0,231,4,6,276,67,80.47%,19.53%,35.28%,27.99%
55,302,ESCOLA ESTADUAL MÁRIO DE CASTRO,PEDRA 90,378,167,86,8,4,3,0,0,0,0,0,0,0,0,268,4,7,305,73,80.69%,19.31%,44.18%,22.75%
55,308,ESCOLA ESTADUAL RAFAEL RUEDA (INTEGRADA CAIC),PEDRA 90,353,119,105,5,4,3,0,0,0,0,0,0,0,0,236,4,6,285,68,80.74%,19.26%,33.71%,29.75%
55,309,ESCOLA ESTADUAL MALIK NOMER ZAHAFI DIDIER,PEDRA 90,345,127,96,6,3,4,0,0,0,0,0,0,0,0,236,4,6,278,67,80.58%,19.42%,36.81%,27.83%
55,315,ESCOLA ESTADUAL MÁRIO DE CASTRO,PEDRA 90,382,130,79,7,3,7,0,2,0,0,0,0,0,0,228,4,7,308,74,80.63%,19.37%,34.03%,20.68%
55,318,ESCOLA ESTADUAL MALIK NOMER ZAHAFI DIDIER,PEDRA 90,351,115,87,4,1,8,1,1,2,0,0,0,0,0,219,4,6,283,68,80.63%,19.37%,32.76%,24.79%
55,325,ESCOLA MUNICIPAL DE EDUCAÇÃO BÁSICA PROF. ZEFERINO LEITE DE OLIVEIRA,PEDRA 90,194,77,54,3,4,8,1,1,0,0,0,0,0,0,148,2,3,156,38,80.41%,19.59%,39.69%,27.84%
55,327,CENTRO EMERGENCIAL DE EDUCAÇÃO INFANTIL JEAN CARLOS PINHO SANTOS,PEDRA 90,131,51,41,3,2,0,0,0,0,0,0,0,0,0,97,1,2,106,25,80.92%,19.08%,38.93%,31.3%
55,330,ESCOLA ESTADUAL MÁRIO DE CASTRO,PEDRA 90,391,142,94,5,1,9,0,0,1,0,0,0,0,0,252,4,7,315,76,80.56%,19.44%,36.32%,24.04%
55,332,ESCOLA ESTADUAL RAFAEL RUEDA (INTEGRADA CAIC),PEDRA 90,354,112,114,5,5,7,0,0,0,0,0,0,0,0,243,4,6,285,69,80.51%,19.49%,31.64%,32.2%
55,334,ESCOLA ESTADUAL MALIK NOMER ZAHAFI DIDIER,PEDRA 90,343,115,93,12,3,13,0,0,0,0,0,0,0,0,236,4,6,276,67,80.47%,19.53%,33.53%,27.11%
55,345,ESCOLA ESTADUAL MÁRIO DE CASTRO,PEDRA 90,357,156,100,6,1,12,0,1,2,0,0,0,0,0,278,4,6,288,69,80.67%,19.33%,43.7%,28.01%
39,568,ESCOLA MUNICIPAL DE EDUCAÇÃO BÁSICA DOUTOR ORLANDO NIGRO,PEDREGAL,296,121,95,11,8,3,2,1,0,0,0,0,0,0,241,3,4,244,52,82.43%,17.57%,40.88%,32.09%
39,569,ESCOLA MUNICIPAL DE EDUCAÇÃO BÁSICA DOUTOR ORLANDO NIGRO,PEDREGAL,301,118,99,5,9,6,0,0,1,0,0,0,0,0,238,3,4,248,53,82.39%,17.61%,39.2%,32.89%
39,570,ESCOLA MUNICIPAL DE EDUCAÇÃO BÁSICA DOUTOR ORLANDO NIGRO,PEDREGAL,300,123,99,8,5,2,0,0,0,0,0,0,0,0,237,3,4,247,53,82.33%,17.67%,41.0%,33.0%
39,571,ESCOLA MUNICIPAL DE EDUCAÇÃO BÁSICA DOUTOR ORLANDO NIGRO,PEDREGAL,303,127,96,6,7,6,0,1,0,0,0,0,0,0,243,3,4,250,53,82.51%,17.49%,41.91%,31.68%
39,572,ESCOLA MUNICIPAL DE EDUCAÇÃO BÁSICA DOUTOR ORLANDO NIGRO,PEDREGAL,299,117,112,3,9,3,0,0,0,0,1,0,0,1,246,3,4,246,53,82.27%,17.73%,39.13%,37.46%
39,573,ESCOLA MUNICIPAL DE EDUCAÇÃO BÁSICA DOUTOR ORLANDO NIGRO,PEDREGAL,302,118,89,13,7,5,1,1,0,0,0,0,0,0,234,3,4,249,53,82.45%,17.55%,39.07%,29.47%
39,574,ESCOLA MUNICIPAL DE EDUCAÇÃO BÁSICA DOUTOR ORLANDO NIGRO,PEDREGAL,307,124,89,7,8,4,0,0,1,0,0,0,0,0,233,3,5,253,54,82.41%,17.59%,40.39%,28.99%
39,575,ESCOLA MUNICIPAL DE EDUCAÇÃO BÁSICA DOUTOR ORLANDO NIGRO,PEDREGAL,292,119,92,6,6,3,1,1,0,0,0,0,0,0,228,3,4,241,51,82.53%,17.47%,40.75%,31.51%
39,576,ESCOLA MUNICIPAL DE EDUCAÇÃO BÁSICA DOUTOR ORLANDO NIGRO,PEDREGAL,298,129,92,8,4,2,0,0,1,0,0,0,0,0,236,3,4,245,53,82.21%,17.79%,43.29%,30.87%
39,577,ESCOLA MUNICIPAL DE EDUCAÇÃO BÁSICA DOUTOR ORLANDO NIGRO,PEDREGAL,299,109,110,7,10,6,0,0,1,0,0,0,0,0,243,3,4,246,53,82.27%,17.73%,36.45%,36.79%
39,578,ESCOLA MUNICIPAL DE EDUCAÇÃO BÁSICA DOUTOR ORLANDO NIGRO,PEDREGAL,292,134,79,9,5,3,0,0,1,0,0,0,0,0,231,3,4,241,51,82.53%,17.47%,45.89%,27.05%
39,579,ESCOLA MUNICIPAL DE EDUCAÇÃO BÁSICA DOUTOR ORLANDO NIGRO,PEDREGAL,293,120,90,10,3,6,0,0,0,1,0,0,0,0,230,3,4,241,52,82.25%,17.75%,40.96%,30.72%
39,634,CENTRO EDUCACIONAL INFANTIL CUIABANO ROSÂNGELA CAMPOS,PEDREGAL,386,159,106,9,7,7,1,1,1,0,0,0,0,0,291,4,6,318,68,82.38%,17.62%,41.19%,27.46%
39,662,CRECHE MUNICIPAL BENEDITA DIAS EVANGELISTA,PEDREGAL,382,163,102,15,9,9,1,1,0,0,0,0,0,0,300,3,6,315,67,82.46%,17.54%,42.67%,26.7%
39,663,CRECHE MUNICIPAL BENEDITA DIAS EVANGELISTA,PEDREGAL,391,145,127,10,6,5,1,0,3,0,0,0,0,0,297,4,6,322,69,82.35%,17.65%,37.08%,32.48%
39,674,ESCOLA MUNICIPAL DE EDUCAÇÃO BÁSICA DOUTOR ORLANDO NIGRO,PEDREGAL,296,122,87,10,5,3,0,0,0,0,0,0,0,0,227,3,4,244,52,82.43%,17.57%,41.22%,29.39%
39,675,ESCOLA MUNICIPAL DE EDUCAÇÃO BÁSICA DOUTOR ORLANDO NIGRO,PEDREGAL,300,136,96,7,4,4,0,0,0,0,0,0,0,0,247,3,4,247,53,82.33%,17.67%,45.33%,32.0%
39,677,CENTRO EDUCACIONAL INFANTIL CUIABANO ROSÂNGELA CAMPOS,PEDREGAL,375,151,129,6,8,4,1,2,0,0,0,0,0,0,301,3,6,309,66,82.4%,17.6%,40.27%,34.4%
39,719,ESCOLA MUNICIPAL DE EDUCAÇÃO BÁSICA DOUTOR ORLANDO NIGRO,PEDREGAL,302,133,88,14,3,5,1,0,2,0,0,0,0,0,246,3,4,249,53,82.45%,17.55%,44.04%,29.14%
39,519,ESCOLA MUNICIPAL DE EDUCAÇÃO BÁSICA SANTA CECILIA,PICO DO AMOR,340,175,81,8,4,2,0,0,0,0,0,0,0,0,270,3,5,280,60,82.35%,17.65%,51.47%,23.82%
39,520,ESCOLA MUNICIPAL DE EDUCAÇÃO BÁSICA SANTA CECILIA,PICO DO AMOR,342,176,79,8,12,2,0,1,0,1,0,0,0,0,279,3,5,282,60,82.46%,17.54%,51.46%,23.1%
39,521,ESCOLA MUNICIPAL DE EDUCAÇÃO BÁSICA SANTA CECILIA,PICO DO AMOR,339,167,97,8,3,6,0,0,0,0,0,0,0,0,281,3,5,279,60,82.3%,17.7%,49.26%,28.61%
39,522,ESCOLA MUNICIPAL DE EDUCAÇÃO BÁSICA SANTA CECILIA,PICO DO AMOR,340,161,86,5,4,9,2,1,0,0,0,0,0,0,268,3,5,280,60,82.35%,17.65%,47.35%,25.29%
39,715,ESCOLA MUNICIPAL DE EDUCAÇÃO BÁSICA SANTA CECILIA,PICO DO AMOR,340,156,96,11,3,5,2,0,1,1,0,0,0,0,275,3,5,280,60,82.35%,17.65%,45.88%,28.24%
39,580,ESCOLA MUNICIPAL DE EDUCAÇÃO BÁSICA SILVINO LEITE DE ARRUDA,PLANALTO,289,123,95,7,4,1,0,1,0,1,0,0,0,0,232,3,4,238,51,82.35%,17.65%,42.56%,32.87%
39,581,ESCOLA MUNICIPAL DE EDUCAÇÃO BÁSICA SILVINO LEITE DE ARRUDA,PLANALTO,285,112,95,11,5,2,0,2,0,0,0,0,0,0,227,3,4,235,50,82.46%,17.54%,39.3%,33.33%
39,582,ESCOLA MUNICIPAL DE EDUCAÇÃO BÁSICA SILVINO LEITE DE ARRUDA,PLANALTO,286,112,100,9,6,5,1,1,1,0,0,0,0,0,235,3,4,236,50,82.52%,17.48%,39.16%,34.97%
39,583,ESCOLA MUNICIPAL DE EDUCAÇÃO BÁSICA SILVINO LEITE DE ARRUDA,PLANALTO,289,107,98,11,1,3,0,2,2,0,0,0,0,0,224,3,4,238,51,82.35%,17.65%,37.02%,33.91%
39,584,ESCOLA MUNICIPAL DE EDUCAÇÃO BÁSICA SILVINO LEITE DE ARRUDA,PLANALTO,284,98,112,6,7,0,0,3,0,0,0,0,0,0,226,3,4,234,50,82.39%,17.61%,34.51%,39.44%
39,585,ESCOLA MUNICIPAL DE EDUCAÇÃO BÁSICA SILVINO LEITE DE ARRUDA,PLANALTO,286,119,98,8,4,5,1,0,0,0,0,0,0,0,235,3,4,236,50,82.52%,17.48%,41.61%,34.27%
39,586,ESCOLA MUNICIPAL DE EDUCAÇÃO BÁSICA SILVINO LEITE DE ARRUDA,PLANALTO,282,128,92,7,3,4,1,0,1,0,0,0,0,0,236,3,4,232,50,82.27%,17.73%,45.39%,32.62%
39,587,ESCOLA ESTADUAL DOUTOR HÉLIO PALMA DE ARRUDA,PLANALTO,388,175,114,11,5,2,1,0,0,0,0,0,0,0,308,4,6,320,68,82.47%,17.53%,45.1%,29.38%
39,588,ESCOLA ESTADUAL DOUTOR HÉLIO PALMA DE ARRUDA,PLANALTO,393,164,123,8,6,9,0,0,0,0,0,0,0,0,310,4,6,324,69,82.44%,17.56%,41.73%,31.3%
39,589,ESCOLA ESTADUAL DOUTOR HÉLIO PALMA DE ARRUDA,PLANALTO,387,161,120,9,9,8,0,0,1,0,0,0,0,0,308,4,6,319,68,82.43%,17.57%,41.6%,31.01%
39,590,ESCOLA ESTADUAL DOUTOR HÉLIO PALMA DE ARRUDA,PLANALTO,388,154,130,5,4,9,1,0,0,0,0,0,0,0,303,4,6,320,68,82.47%,17.53%,39.69%,33.51%
39,591,ESCOLA ESTADUAL DOUTOR HÉLIO PALMA DE ARRUDA,PLANALTO,390,168,112,9,3,4,2,0,1,0,0,0,0,0,299,4,6,321,69,82.31%,17.69%,43.08%,28.72%
39,592,ESCOLA ESTADUAL DOUTOR HÉLIO PALMA DE ARRUDA,PLANALTO,388,165,120,11,7,10,0,2,0,0,0,0,0,0,315,4,6,320,68,82.47%,17.53%,42.53%,30.93%
39,593,ESCOLA ESTADUAL DOUTOR HÉLIO PALMA DE ARRUDA,PLANALTO,385,176,131,4,9,2,2,0,0,0,0,0,0,0,324,3,6,317,68,82.34%,17.66%,45.71%,34.03%
39,594,ESCOLA ESTADUAL DOUTOR HÉLIO PALMA DE ARRUDA,PLANALTO,386,179,106,10,5,10,0,3,1,0,0,0,0,0,314,4,6,318,68,82.38%,17.62%,46.37%,27.46%
39,595,ESCOLA ESTADUAL DOUTOR HÉLIO PALMA DE ARRUDA,PLANALTO,387,178,112,17,3,9,0,0,1,0,0,0,0,0,320,4,6,319,68,82.43%,17.57%,45.99%,28.94%
39,729,ESCOLA ESTADUAL DOUTOR HÉLIO PALMA DE ARRUDA,PLANALTO,388,136,101,6,8,12,1,0,2,0,0,0,0,0,266,4,6,320,68,82.47%,17.53%,35.05%,26.03%
39,733,ESCOLA ESTADUAL DOUTOR HÉLIO PALMA DE ARRUDA,PLANALTO,390,151,112,7,6,9,2,1,0,0,0,0,0,0,288,4,6,321,69,82.31%,17.69%,38.72%,28.72%
39,448,ESCOLA MUNICIPAL DE EDUCAÇÃO BÁSICA AGOSTINHO SIMPLÍCIO DE FIGUEIREDO,POÇÃO,305,136,99,9,3,1,0,0,2,0,0,0,0,0,250,3,5,251,54,82.3%,17.7%,44.59%,32.46%
39,449,ESCOLA MUNICIPAL DE EDUCAÇÃO BÁSICA AGOSTINHO SIMPLÍCIO DE FIGUEIREDO,POÇÃO,303,121,114,7,5,6,1,1,0,0,0,0,0,0,255,3,4,250,53,82.51%,17.49%,39.93%,37.62%
39,450,ESCOLA MUNICIPAL DE EDUCAÇÃO BÁSICA AGOSTINHO SIMPLÍCIO DE FIGUEIREDO,POÇÃO,306,138,96,8,5,5,0,3,0,0,0,0,0,0,255,3,5,252,54,82.35%,17.65%,45.1%,31.37%
39,451,ESCOLA MUNICIPAL DE EDUCAÇÃO BÁSICA AGOSTINHO SIMPLÍCIO DE FIGUEIREDO,POÇÃO,305,134,94,17,4,4,0,0,1,0,0,0,0,0,254,3,5,251,54,82.3%,17.7%,43.93%,30.82%
39,452,ESCOLA MUNICIPAL DE EDUCAÇÃO BÁSICA AGOSTINHO SIMPLÍCIO DE FIGUEIREDO,POÇÃO,305,132,101,10,8,6,0,0,0,0,0,0,0,0,257,3,5,251,54,82.3%,17.7%,43.28%,33.11%
39,453,ESCOLA MUNICIPAL DE EDUCAÇÃO BÁSICA AGOSTINHO SIMPLÍCIO DE FIGUEIREDO,POÇÃO,306,157,84,7,9,7,1,0,0,0,0,0,0,0,265,3,5,252,54,82.35%,17.65%,51.31%,27.45%
1,190,FATEC - SENAI FACULDADE DE TECNOLOGIA SENAI MT,PORTO,157,170,61,10,5,5,1,0,0,0,1,0,0,0,253,1,2,130,27,82.8%,17.2%,108.28%,38.85%
1,838,FATEC - SENAI FACULDADE DE TECNOLOGIA SENAI MT,PORTO,153,103,19,4,4,2,0,0,0,0,0,0,0,0,132,1,2,126,27,82.35%,17.65%,67.32%,12.42%
1,908,FATEC - SENAI FACULDADE DE TECNOLOGIA SENAI MT,PORTO,159,170,76,10,6,7,1,0,0,1,0,0,0,0,271,1,2,131,28,82.39%,17.61%,106.92%,47.8%
1,993,FATEC - SENAI FACULDADE DE TECNOLOGIA SENAI MT,PORTO,156,147,67,9,8,8,3,1,0,0,0,0,0,0,243,1,2,129,27,82.69%,17.31%,94.23%,42.95%
1,994,FATEC - SENAI FACULDADE DE TECNOLOGIA SENAI MT,PORTO,159,0,0,0,0,0,0,0,0,0,0,0,0,0,0,1,2,131,28,82.39%,17.61%,0.0%,0.0%
1,995,FATEC - SENAI FACULDADE DE TECNOLOGIA SENAI MT,PORTO,157,0,0,0,0,0,0,0,0,0,0,0,0,0,0,1,2,130,27,82.8%,17.2%,0.0%,0.0%
1,1031,ESCOLA ESTADUAL JOSÉ BARNABÉ DE MESQUITA,PORTO,272,161,65,9,2,4,1,2,0,0,0,0,0,0,244,2,4,225,47,82.72%,17.28%,59.19%,23.9%
1,1057,FATEC - SENAI FACULDADE DE TECNOLOGIA SENAI MT,PORTO,155,0,0,0,0,0,0,0,0,0,0,0,0,0,0,1,2,128,27,82.58%,17.42%,0.0%,0.0%
1,1058,FATEC - SENAI FACULDADE DE TECNOLOGIA SENAI MT,PORTO,154,146,75,9,6,3,2,0,0,0,0,0,0,0,241,1,2,127,27,82.47%,17.53%,94.81%,48.7%
1,1059,FATEC - SENAI FACULDADE DE TECNOLOGIA SENAI MT,PORTO,154,150,59,9,7,5,3,0,0,0,0,0,0,0,233,1,2,127,27,82.47%,17.53%,97.4%,38.31%
1,1070,DEPARTAMENTO NACIONAL DE INFRAESTRUTURA DE TRANSPORTES - DNIT,PORTO,162,156,79,13,6,6,2,0,0,0,0,1,0,0,263,1,2,134,28,82.72%,17.28%,96.3%,48.77%
1,1071,DEPARTAMENTO NACIONAL DE INFRAESTRUTURA DE TRANSPORTES - DNIT,PORTO,161,161,90,3,4,7,0,0,0,0,0,0,0,0,265,1,2,133,28,82.61%,17.39%,100.0%,55.9%
1,1072,DEPARTAMENTO NACIONAL DE INFRAESTRUTURA DE TRANSPORTES - DNIT,PORTO,162,0,0,0,0,0,0,0,0,0,0,0,0,0,0,1,2,134,28,82.72%,17.28%,0.0%,0.0%
1,1073,DEPARTAMENTO NACIONAL DE INFRAESTRUTURA DE TRANSPORTES - DNIT,PORTO,157,0,0,0,0,0,0,0,0,0,0,0,0,0,0,1,2,130,27,82.8%,17.2%,0.0%,0.0%
1,1074,FATEC - SENAI FACULDADE DE TECNOLOGIA SENAI MT,PORTO,157,139,83,9,6,5,1,0,1,0,0,0,0,0,244,1,2,130,27,82.8%,17.2%,88.54%,52.87%
1,1075,FATEC - SENAI FACULDADE DE TECNOLOGIA SENAI MT,PORTO,158,146,79,6,6,4,0,2,0,0,0,0,0,0,243,1,2,131,27,82.91%,17.09%,92.41%,50.0%
1,1076,FATEC - SENAI FACULDADE DE TECNOLOGIA SENAI MT,PORTO,154,0,0,0,0,0,0,0,0,0,0,0,0,0,0,1,2,127,27,82.47%,17.53%,0.0%,0.0%
1,1077,FATEC - SENAI FACULDADE DE TECNOLOGIA SENAI MT,PORTO,153,0,0,0,0,0,0,0,0,0,0,0,0,0,0,1,2,126,27,82.35%,17.65%,0.0%,0.0%
1,1105,FATEC - SENAI FACULDADE DE TECNOLOGIA SENAI MT,PORTO,169,73,42,5,7,5,0,1,1,0,0,0,0,0,134,1,2,140,29,82.84%,17.16%,43.2%,24.85%
1,1106,FATEC - SENAI FACULDADE DE TECNOLOGIA SENAI MT,PORTO,175,177,86,4,10,3,1,1,0,0,0,0,0,0,282,1,2,145,30,82.86%,17.14%,101.14%,49.14%
1,1107,FATEC - SENAI FACULDADE DE TECNOLOGIA SENAI MT,PORTO,171,0,0,0,0,0,0,0,0,0,0,0,0,0,0,1,2,141,30,82.46%,17.54%,0.0%,0.0%
1,1108,FATEC - SENAI FACULDADE DE TECNOLOGIA SENAI MT,PORTO,169,72,52,3,6,2,1,1,0,0,0,0,0,0,137,1,2,140,29,82.84%,17.16%,42.6%,30.77%
1,1109,FATEC - SENAI FACULDADE DE TECNOLOGIA SENAI MT,PORTO,169,151,99,8,2,9,0,0,0,0,0,0,0,0,269,1,2,140,29,82.84%,17.16%,89.35%,58.58%
1,1110,FATEC - SENAI FACULDADE DE TECNOLOGIA SENAI MT,PORTO,177,99,42,4,4,1,0,0,0,0,0,0,0,0,150,1,2,146,31,82.49%,17.51%,55.93%,23.73%
1,1111,FATEC - SENAI FACULDADE DE TECNOLOGIA SENAI MT,PORTO,180,93,45,0,7,2,0,0,1,0,0,0,0,0,148,1,2,149,31,82.78%,17.22%,51.67%,25.0%
1,1112,FATEC - SENAI FACULDADE DE TECNOLOGIA SENAI MT,PORTO,175,75,57,1,4,2,0,0,0,0,0,0,0,0,139,1,2,145,30,82.86%,17.14%,42.86%,32.57%
1,1113,FATEC - SENAI FACULDADE DE TECNOLOGIA SENAI MT,PORTO,177,82,55,7,2,3,1,0,0,0,0,0,0,0,150,1,2,146,31,82.49%,17.51%,46.33%,31.07%
1,1114,ESCOLA ESTADUAL JOSÉ BARNABÉ DE MESQUITA,PORTO,282,147,64,10,4,6,1,0,0,0,0,0,0,0,232,2,4,233,49,82.62%,17.38%,52.13%,22.7%
1,1115,ESCOLA ESTADUAL JOSÉ BARNABÉ DE MESQUITA,PORTO,279,141,56,7,5,3,0,2,1,0,0,0,0,0,215,2,4,231,48,82.8%,17.2%,50.54%,20.07%
1,1116,ESCOLA ESTADUAL JOSÉ BARNABÉ DE MESQUITA,PORTO,281,142,67,8,4,3,0,0,0,0,0,0,0,0,224,2,4,232,49,82.56%,17.44%,50.53%,23.84%
1,1117,ESCOLA ESTADUAL JOSÉ BARNABÉ DE MESQUITA,PORTO,278,135,63,12,3,3,0,0,0,0,0,0,0,0,216,2,4,230,48,82.73%,17.27%,48.56%,22.66%
1,1118,ESCOLA ESTADUAL JOSÉ BARNABÉ DE MESQUITA,PORTO,274,137,63,5,2,6,1,0,0,0,0,0,0,0,214,2,4,226,48,82.48%,17.52%,50.0%,22.99%
1,1119,ESCOLA ESTADUAL JOSÉ BARNABÉ DE MESQUITA,PORTO,280,144,60,7,4,2,0,1,1,0,0,0,0,0,219,2,4,231,49,82.5%,17.5%,51.43%,21.43%
1,1120,ESCOLA ESTADUAL JOSÉ BARNABÉ DE MESQUITA,PORTO,279,142,59,8,3,2,0,0,0,0,0,0,0,0,214,2,4,231,48,82.8%,17.2%,50.9%,21.15%
1,1121,ESCOLA ESTADUAL JOSÉ BARNABÉ DE MESQUITA,PORTO,280,146,66,7,5,6,0,1,0,0,0,0,0,0,231,2,4,231,49,82.5%,17.5%,52.14%,23.57%
1,1122,ESCOLA ESTADUAL JOSÉ BARNABÉ DE MESQUITA,PORTO,285,133,77,3,4,6,2,0,0,0,0,0,0,0,225,2,4,235,50,82.46%,17.54%,46.67%,27.02%
1,1123,ESCOLA ESTADUAL JOSÉ BARNABÉ DE MESQUITA,PORTO,282,155,50,9,4,7,1,0,0,0,1,0,0,0,227,2,4,233,49,82.62%,17.38%,54.96%,17.73%
1,1124,ESCOLA ESTADUAL JOSÉ BARNABÉ DE MESQUITA,PORTO,278,147,62,5,2,6,1,1,0,0,0,0,0,0,224,2,4,230,48,82.73%,17.27%,52.88%,22.3%
1,1125,ESCOLA ESTADUAL JOSÉ BARNABÉ DE MESQUITA,PORTO,282,155,51,4,4,5,0,0,0,0,0,0,0,0,219,2,4,233,49,82.62%,17.38%,54.96%,18.09%
1,1126,ESCOLA ESTADUAL JOSÉ BARNABÉ DE MESQUITA,PORTO,279,145,70,4,1,11,0,0,1,0,0,0,0,0,232,2,4,231,48,82.8%,17.2%,51.97%,25.09%
1,1132,DEPARTAMENTO NACIONAL DE INFRAESTRUTURA DE TRANSPORTES - DNIT,PORTO,163,168,70,13,5,2,2,1,0,0,0,0,0,0,261,1,2,135,28,82.82%,17.18%,103.07%,42.94%
1,1133,DEPARTAMENTO NACIONAL DE INFRAESTRUTURA DE TRANSPORTES - DNIT,PORTO,163,158,83,3,4,6,1,0,0,0,0,0,0,0,255,1,2,135,28,82.82%,17.18%,96.93%,50.92%
1,1134,DEPARTAMENTO NACIONAL DE INFRAESTRUTURA DE TRANSPORTES - DNIT,PORTO,159,0,0,0,0,0,0,0,0,0,0,0,0,0,0,1,2,131,28,82.39%,17.61%,0.0%,0.0%
1,1135,DEPARTAMENTO NACIONAL DE INFRAESTRUTURA DE TRANSPORTES - DNIT,PORTO,161,0,0,0,0,0,0,0,0,0,0,0,0,0,0,1,2,133,28,82.61%,17.39%,0.0%,0.0%
1,1157,FATEC - SENAI FACULDADE DE TECNOLOGIA SENAI MT,PORTO,157,0,0,0,0,0,0,0,0,0,0,0,0,0,0,1,2,130,27,82.8%,17.2%,0.0%,0.0%
1,1158,FATEC - SENAI FACULDADE DE TECNOLOGIA SENAI MT,PORTO,156,0,0,0,0,0,0,0,0,0,0,0,0,0,0,1,2,129,27,82.69%,17.31%,0.0%,0.0%
1,1177,FATEC - SENAI FACULDADE DE TECNOLOGIA SENAI MT,PORTO,158,0,0,0,0,0,0,0,0,0,0,0,0,0,0,1,2,131,27,82.91%,17.09%,0.0%,0.0%
39,523,ESCOLA MUNICIPAL DE EDUCAÇÃO BÁSICA DOM BOSCO DO PRAEIRINHO,PRAEIRINHO,326,118,129,9,8,6,0,0,0,0,0,0,0,0,270,3,5,269,57,82.52%,17.48%,36.2%,39.57%
39,524,ESCOLA MUNICIPAL DE EDUCAÇÃO BÁSICA DOM BOSCO DO PRAEIRINHO,PRAEIRINHO,329,97,153,12,8,5,0,0,0,0,0,0,0,0,275,3,5,271,58,82.37%,17.63%,29.48%,46.5%
39,525,ESCOLA MUNICIPAL DE EDUCAÇÃO BÁSICA DOM BOSCO DO PRAEIRINHO,PRAEIRINHO,326,121,125,5,2,3,0,0,0,0,0,0,0,0,256,3,5,269,57,82.52%,17.48%,37.12%,38.34%
39,526,ESCOLA MUNICIPAL DE EDUCAÇÃO BÁSICA DOM BOSCO DO PRAEIRINHO,PRAEIRINHO,323,125,114,9,3,9,1,0,0,0,0,0,0,0,261,3,5,266,57,82.35%,17.65%,38.7%,35.29%
39,507,ESCOLA MUNICIPAL DE EDUCAÇÃO BÁSICA HÉLIO SOUZA VIEIRA,PRAEIRO,252,128,62,7,3,5,0,0,0,0,0,0,0,1,206,2,4,208,44,82.54%,17.46%,50.79%,24.6%
39,508,ESCOLA MUNICIPAL DE EDUCAÇÃO BÁSICA HÉLIO SOUZA VIEIRA,PRAEIRO,248,114,66,7,4,5,1,0,0,0,0,0,0,1,198,2,4,204,44,82.26%,17.74%,45.97%,26.61%
39,509,ESCOLA MUNICIPAL DE EDUCAÇÃO BÁSICA HÉLIO SOUZA VIEIRA,PRAEIRO,249,105,71,9,7,5,0,0,0,0,0,0,0,0,197,2,4,205,44,82.33%,17.67%,42.17%,28.51%
39,510,ESCOLA MUNICIPAL DE EDUCAÇÃO BÁSICA HÉLIO SOUZA VIEIRA,PRAEIRO,248,108,64,8,4,3,0,0,0,0,0,0,0,0,187,2,4,204,44,82.26%,17.74%,43.55%,25.81%
39,511,ESCOLA MUNICIPAL DE EDUCAÇÃO BÁSICA HÉLIO SOUZA VIEIRA,PRAEIRO,247,138,48,6,6,4,0,1,0,0,0,0,0,0,203,2,4,203,44,82.19%,17.81%,55.87%,19.43%
39,512,ESCOLA MUNICIPAL DE EDUCAÇÃO BÁSICA HÉLIO SOUZA VIEIRA,PRAEIRO,254,124,69,12,16,3,0,1,0,0,0,0,0,0,225,2,4,209,45,82.28%,17.72%,48.82%,27.17%
39,513,ESCOLA MUNICIPAL DE EDUCAÇÃO BÁSICA HÉLIO SOUZA VIEIRA,PRAEIRO,248,117,68,8,7,4,1,0,0,0,0,0,0,0,205,2,4,204,44,82.26%,17.74%,47.18%,27.42%
51,65,ESCOLA MUNICIPAL ARISTOTELINO ALVES PRAEIRO,PRIMEIRO DE MARÇO,386,151,136,14,5,7,0,1,1,0,0,0,0,0,315,4,6,315,71,81.61%,18.39%,39.12%,35.23%
51,75,ESCOLA MUNICIPAL ARISTOTELINO ALVES PRAEIRO,PRIMEIRO DE MARÇO,390,157,108,8,7,7,1,1,1,0,0,0,0,0,290,4,6,319,71,81.79%,18.21%,40.26%,27.69%
51,83,ESCOLA MUNICIPAL ARISTOTELINO ALVES PRAEIRO,PRIMEIRO DE MARÇO,389,140,145,12,7,3,0,1,0,0,0,0,0,0,308,4,6,318,71,81.75%,18.25%,35.99%,37.28%
51,94,ESCOLA MUNICIPAL ARISTOTELINO ALVES PRAEIRO,PRIMEIRO DE MARÇO,389,158,127,11,11,7,0,1,0,2,0,0,0,0,317,4,6,318,71,81.75%,18.25%,40.62%,32.65%
51,104,ESCOLA MUNICIPAL ARISTOTELINO ALVES PRAEIRO,PRIMEIRO DE MARÇO,388,159,129,10,15,5,0,0,0,0,0,0,0,0,318,4,6,317,71,81.7%,18.3%,40.98%,33.25%
51,121,ESCOLA MUNICIPAL ARISTOTELINO ALVES PRAEIRO,PRIMEIRO DE MARÇO,391,154,122,7,14,7,0,2,0,0,0,0,0,0,306,4,6,319,72,81.59%,18.41%,39.39%,31.2%
51,130,ESCOLA MUNICIPAL ARISTOTELINO ALVES PRAEIRO,PRIMEIRO DE MARÇO,389,165,117,7,4,2,1,0,0,0,0,0,0,0,296,4,6,318,71,81.75%,18.25%,42.42%,30.08%
51,143,ESCOLA MUNICIPAL ARISTOTELINO ALVES PRAEIRO,PRIMEIRO DE MARÇO,392,169,112,10,9,10,0,3,0,0,0,0,0,0,313,4,6,320,72,81.63%,18.37%,43.11%,28.57%
51,246,ESCOLA MUNICIPAL ARISTOTELINO ALVES PRAEIRO,PRIMEIRO DE MARÇO,383,166,107,15,9,6,0,0,0,0,0,0,0,0,303,4,6,313,70,81.72%,18.28%,43.34%,27.94%
51,259,ESCOLA MUNICIPAL ARISTOTELINO ALVES PRAEIRO,PRIMEIRO DE MARÇO,389,148,127,12,6,3,0,1,0,0,0,0,0,0,297,4,6,318,71,81.75%,18.25%,38.05%,32.65%
51,285,ESCOLA MUNICIPAL ARISTOTELINO ALVES PRAEIRO,PRIMEIRO DE MARÇO,380,169,113,13,5,4,0,0,0,0,0,0,0,0,304,4,6,310,70,81.58%,18.42%,44.47%,29.74%
51,300,ESCOLA MUNICIPAL ARISTOTELINO ALVES PRAEIRO,PRIMEIRO DE MARÇO,378,177,107,11,5,4,0,0,0,0,0,0,0,0,304,4,6,309,69,81.75%,18.25%,46.83%,28.31%
51,386,ESCOLA MUNICIPAL ARISTOTELINO ALVES PRAEIRO,PRIMEIRO DE MARÇO,53,24,17,2,1,1,0,1,0,0,0,0,0,0,46,1,1,43,10,81.13%,18.87%,45.28%,32.08%
1,447,ESCOLA ESTADUAL ALCEBÍADES CALLAO,QUILOMBO,389,201,83,9,7,14,1,0,0,0,0,0,1,0,316,3,5,321,68,82.52%,17.48%,51.67%,21.34%
1,448,ESCOLA ESTADUAL ALCEBÍADES CALLAO,QUILOMBO,395,214,75,7,6,8,1,1,0,0,0,0,0,0,312,3,5,326,69,82.53%,17.47%,54.18%,18.99%
1,449,ESCOLA ESTADUAL ALCEBÍADES CALLAO,QUILOMBO,396,200,83,13,10,7,4,0,0,0,0,0,0,0,317,3,5,327,69,82.58%,17.42%,50.51%,20.96%
1,501,COLÉGIO MAXI,QUILOMBO,395,214,83,8,6,8,1,1,0,0,0,0,0,0,321,3,5,326,69,82.53%,17.47%,54.18%,21.01%
1,502,COLÉGIO MAXI,QUILOMBO,397,229,69,6,7,6,3,1,1,1,0,0,0,0,323,3,5,328,69,82.62%,17.38%,57.68%,17.38%
1,503,COLÉGIO MAXI,QUILOMBO,394,211,76,3,5,10,0,2,0,0,0,0,0,0,307,3,5,326,68,82.74%,17.26%,53.55%,19.29%
1,504,COLÉGIO MAXI,QUILOMBO,392,209,67,7,9,5,0,1,0,0,1,0,0,0,299,3,5,324,68,82.65%,17.35%,53.32%,17.09%
1,505,COLÉGIO MAXI,QUILOMBO,397,226,64,7,6,13,1,0,0,1,0,0,0,0,318,3,5,328,69,82.62%,17.38%,56.93%,16.12%
1,506,COLÉGIO MAXI,QUILOMBO,393,197,78,6,9,6,0,2,1,1,0,0,0,0,300,3,5,325,68,82.7%,17.3%,50.13%,19.85%
1,507,COLÉGIO MAXI,QUILOMBO,394,197,86,6,6,10,1,0,0,1,0,0,0,0,307,3,5,326,68,82.74%,17.26%,50.0%,21.83%
1,508,COLÉGIO MAXI,QUILOMBO,396,226,66,6,7,10,0,0,1,1,0,0,0,0,317,3,5,327,69,82.58%,17.42%,57.07%,16.67%
1,509,COLÉGIO MAXI,QUILOMBO,397,210,71,10,9,6,1,1,0,0,0,0,0,0,308,3,5,328,69,82.62%,17.38%,52.9%,17.88%
1,510,COLÉGIO MAXI,QUILOMBO,394,211,73,13,5,7,1,0,0,0,0,0,0,0,310,3,5,326,68,82.74%,17.26%,53.55%,18.53%
1,737,ESCOLA ESTADUAL ALCEBÍADES CALLAO,QUILOMBO,387,192,90,13,3,8,0,0,0,0,0,0,0,0,306,3,5,320,67,82.69%,17.31%,49.61%,23.26%
1,761,COLÉGIO MAXI,QUILOMBO,391,219,71,7,10,8,1,0,0,0,0,0,0,0,316,3,5,323,68,82.61%,17.39%,56.01%,18.16%
1,793,COLÉGIO MAXI,QUILOMBO,393,221,78,8,10,7,1,0,1,0,0,0,0,0,326,3,5,325,68,82.7%,17.3%,56.23%,19.85%
1,845,ESCOLA ESTADUAL ALCEBÍADES CALLAO,QUILOMBO,395,222,76,8,5,8,0,0,0,0,0,0,0,0,319,3,5,326,69,82.53%,17.47%,56.2%,19.24%
1,849,ESCOLA ESTADUAL ALCEBÍADES CALLAO,QUILOMBO,395,205,79,8,7,9,1,0,0,0,0,0,0,0,309,3,5,326,69,82.53%,17.47%,51.9%,20.0%
1,916,COLÉGIO MAXI,QUILOMBO,389,222,53,5,10,12,3,0,0,0,0,0,0,0,305,3,5,321,68,82.52%,17.48%,57.07%,13.62%
1,917,ESCOLA ESTADUAL ALCEBÍADES CALLAO,QUILOMBO,393,218,88,5,8,10,2,1,0,0,0,0,0,0,332,3,5,325,68,82.7%,17.3%,55.47%,22.39%
1,932,COLÉGIO MAXI,QUILOMBO,397,218,60,10,9,12,0,0,1,0,0,0,0,0,310,3,5,328,69,82.62%,17.38%,54.91%,15.11%
1,1161,COLÉGIO MAXI,QUILOMBO,394,229,63,7,8,9,1,0,0,0,0,0,0,0,317,3,5,326,68,82.74%,17.26%,58.12%,15.99%
1,1162,ESCOLA ESTADUAL ALCEBÍADES CALLAO,QUILOMBO,394,229,80,3,10,7,1,0,0,0,0,0,0,0,330,3,5,326,68,82.74%,17.26%,58.12%,20.3%
1,1166,COLÉGIO MAXI,QUILOMBO,395,232,52,7,6,4,2,0,0,0,0,0,0,0,303,3,5,326,69,82.53%,17.47%,58.73%,13.16%
1,1172,ESCOLA ESTADUAL ALCEBÍADES CALLAO,QUILOMBO,399,186,92,8,8,18,1,0,0,0,0,0,0,0,313,3,5,330,69,82.71%,17.29%,46.62%,23.06%
55,152,ESCOLA ESTADUAL SALIM FELÍCIO (NOVO),REAL PARQUE,384,168,101,8,5,11,1,0,0,0,0,0,0,0,294,4,7,310,74,80.73%,19.27%,43.75%,26.3%
55,153,ESCOLA ESTADUAL SALIM FELÍCIO (NOVO),REAL PARQUE,379,188,95,6,3,7,1,0,0,0,0,0,0,0,300,4,7,306,73,80.74%,19.26%,49.6%,25.07%
55,154,ESCOLA ESTADUAL SALIM FELÍCIO (NOVO),REAL PARQUE,381,176,99,9,5,5,0,2,0,0,0,0,0,0,296,4,7,307,74,80.58%,19.42%,46.19%,25.98%
55,155,ESCOLA ESTADUAL SALIM FELÍCIO (NOVO),REAL PARQUE,383,179,87,7,6,10,1,2,0,0,0,0,0,0,292,4,7,309,74,80.68%,19.32%,46.74%,22.72%
55,156,ESCOLA ESTADUAL SALIM FELÍCIO (NOVO),REAL PARQUE,379,165,85,10,12,10,1,0,0,0,0,0,0,0,283,4,7,306,73,80.74%,19.26%,43.54%,22.43%
55,157,ESCOLA ESTADUAL SALIM FELÍCIO (NOVO),REAL PARQUE,384,172,87,9,7,6,0,0,2,0,0,0,0,0,283,4,7,310,74,80.73%,19.27%,44.79%,22.66%
55,158,ESCOLA ESTADUAL SALIM FELÍCIO (NOVO),REAL PARQUE,382,191,82,9,8,7,2,1,1,0,0,0,0,0,301,4,7,308,74,80.63%,19.37%,50.0%,21.47%
55,159,ESCOLA ESTADUAL SALIM FELÍCIO (NOVO),REAL PARQUE,387,176,88,8,5,7,0,1,1,0,0,0,0,0,286,4,7,312,75,80.62%,19.38%,45.48%,22.74%
55,160,ESCOLA ESTADUAL SALIM FELÍCIO (NOVO),REAL PARQUE,378,174,96,8,6,6,1,0,0,0,0,0,0,0,291,4,7,305,73,80.69%,19.31%,46.03%,25.4%
55,198,ESCOLA MUNICIPAL PROF.ª JOANA DARK DA SILVA,REAL PARQUE,355,161,94,6,5,5,0,1,0,0,0,0,0,0,272,4,6,286,69,80.56%,19.44%,45.35%,26.48%
55,233,ESCOLA MUNICIPAL PROF.ª JOANA DARK DA SILVA,REAL PARQUE,359,160,102,7,5,5,0,2,0,0,0,0,0,0,281,4,6,289,70,80.5%,19.5%,44.57%,28.41%
55,266,ESCOLA MUNICIPAL PROF.ª JOANA DARK DA SILVA,REAL PARQUE,358,141,115,13,11,3,0,1,1,0,0,0,0,0,285,4,6,289,69,80.73%,19.27%,39.39%,32.12%
55,297,ESCOLA MUNICIPAL PROF.ª JOANA DARK DA SILVA,REAL PARQUE,354,137,110,9,1,8,0,0,1,1,0,0,0,0,267,4,6,285,69,80.51%,19.49%,38.7%,31.07%
55,314,ESCOLA MUNICIPAL PROF.ª JOANA DARK DA SILVA,REAL PARQUE,354,153,95,6,4,8,1,0,0,0,0,0,0,0,267,4,6,285,69,80.51%,19.49%,43.22%,26.84%
39,611,ESCOLA ESTADUAL PASCOAL MOREIRA CABRAL,RECANTO DOS PÁSSAROS,394,191,113,8,9,2,2,0,0,0,0,0,0,0,325,4,6,325,69,82.49%,17.51%,48.48%,28.68%
39,612,ESCOLA ESTADUAL PASCOAL MOREIRA CABRAL,RECANTO DOS PÁSSAROS,391,202,95,8,6,8,0,0,0,0,0,0,0,0,319,4,6,322,69,82.35%,17.65%,51.66%,24.3%
39,613,ESCOLA ESTADUAL PASCOAL MOREIRA CABRAL,RECANTO DOS PÁSSAROS,398,183,114,12,13,8,0,1,0,1,0,0,0,0,332,4,6,328,70,82.41%,17.59%,45.98%,28.64%
39,614,ESCOLA ESTADUAL PASCOAL MOREIRA CABRAL,RECANTO DOS PÁSSAROS,393,169,124,11,5,8,3,0,1,0,0,0,0,0,321,4,6,324,69,82.44%,17.56%,43.0%,31.55%
39,615,ESCOLA ESTADUAL PASCOAL MOREIRA CABRAL,RECANTO DOS PÁSSAROS,394,187,108,12,3,7,0,0,2,0,0,0,0,0,319,4,6,325,69,82.49%,17.51%,47.46%,27.41%
39,616,ESCOLA ESTADUAL PASCOAL MOREIRA CABRAL,RECANTO DOS PÁSSAROS,397,182,90,15,16,7,1,1,1,0,0,0,0,0,313,4,6,327,70,82.37%,17.63%,45.84%,22.67%
39,617,ESCOLA ESTADUAL PASCOAL MOREIRA CABRAL,RECANTO DOS PÁSSAROS,390,190,90,10,4,11,0,0,0,0,0,0,0,0,305,4,6,321,69,82.31%,17.69%,48.72%,23.08%
39,618,ESCOLA ESTADUAL PASCOAL MOREIRA CABRAL,RECANTO DOS PÁSSAROS,397,206,88,5,7,12,1,1,0,0,0,0,0,0,320,4,6,327,70,82.37%,17.63%,51.89%,22.17%
39,619,ESCOLA ESTADUAL PASCOAL MOREIRA CABRAL,RECANTO DOS PÁSSAROS,396,201,94,18,7,6,1,1,0,0,0,0,0,0,328,4,6,326,70,82.32%,17.68%,50.76%,23.74%
39,620,ESCOLA ESTADUAL PASCOAL MOREIRA CABRAL,RECANTO DOS PÁSSAROS,392,184,102,7,7,14,1,0,0,1,0,0,0,0,316,4,6,323,69,82.4%,17.6%,46.94%,26.02%
39,621,ESCOLA ESTADUAL PASCOAL MOREIRA CABRAL,RECANTO DOS PÁSSAROS,397,169,109,12,6,9,4,0,1,1,0,0,1,0,312,4,6,327,70,82.37%,17.63%,42.57%,27.46%
39,622,ESCOLA ESTADUAL PASCOAL MOREIRA CABRAL,RECANTO DOS PÁSSAROS,396,192,92,14,6,10,1,1,0,0,0,0,0,0,316,4,6,326,70,82.32%,17.68%,48.48%,23.23%
39,730,ESCOLA ESTADUAL PASCOAL MOREIRA CABRAL,RECANTO DOS PÁSSAROS,393,174,90,8,8,14,2,0,1,0,0,0,0,1,298,4,6,324,69,82.44%,17.56%,44.27%,22.9%
55,173,ESCOLA ESTADUAL PROF.ª PACIANA TORRES DE SANTANA,RESIDENCIAL COXIPÓ,391,171,122,12,8,6,0,0,0,0,0,0,0,0,319,4,7,315,76,80.56%,19.44%,43.73%,31.2%
55,174,ESCOLA ESTADUAL PROF.ª PACIANA TORRES DE SANTANA,RESIDENCIAL COXIPÓ,398,159,107,9,10,10,1,0,1,0,0,0,1,0,298,5,7,321,77,80.65%,19.35%,39.95%,26.88%
55,175,ESCOLA ESTADUAL PROF.ª PACIANA TORRES DE SANTANA,RESIDENCIAL COXIPÓ,395,169,122,5,7,7,0,0,0,0,0,0,0,0,310,5,7,318,77,80.51%,19.49%,42.78%,30.89%
55,176,ESCOLA ESTADUAL PROF.ª PACIANA TORRES DE SANTANA,RESIDENCIAL COXIPÓ,396,154,125,6,5,12,0,0,0,0,0,0,0,0,302,5,7,319,77,80.56%,19.44%,38.89%,31.57%
55,177,ESCOLA ESTADUAL PROF.ª PACIANA TORRES DE SANTANA,RESIDENCIAL COXIPÓ,397,157,122,9,6,5,0,1,3,0,0,0,0,0,303,5,7,320,77,80.6%,19.4%,39.55%,30.73%
55,178,ESCOLA ESTADUAL PROF.ª PACIANA TORRES DE SANTANA,RESIDENCIAL COXIPÓ,392,172,98,10,6,3,1,1,2,0,0,0,0,0,293,4,7,316,76,80.61%,19.39%,43.88%,25.0%
55,179,ESCOLA ESTADUAL PROF.ª PACIANA TORRES DE SANTANA,RESIDENCIAL COXIPÓ,397,169,119,8,8,4,0,0,0,0,0,0,0,0,308,5,7,320,77,80.6%,19.4%,42.57%,29.97%
55,180,ESCOLA ESTADUAL PROF.ª PACIANA TORRES DE SANTANA,RESIDENCIAL COXIPÓ,390,158,104,12,8,6,2,0,2,0,0,0,0,0,292,4,7,314,76,80.51%,19.49%,40.51%,26.67%
55,211,ESCOLA ESTADUAL PROF.ª PACIANA TORRES DE SANTANA,RESIDENCIAL COXIPÓ,395,168,118,7,12,3,2,1,0,0,0,0,0,0,311,5,7,318,77,80.51%,19.49%,42.53%,29.87%
55,218,ESCOLA MUNICIPAL JOSÉ TORQUATO DA SILVA,RESIDENCIAL COXIPÓ,363,151,107,9,13,6,0,0,1,0,0,0,0,0,287,4,6,293,70,80.72%,19.28%,41.6%,29.48%
55,238,ESCOLA ESTADUAL PROF.ª PACIANA TORRES DE SANTANA,RESIDENCIAL COXIPÓ,390,163,118,9,8,3,1,0,0,0,0,0,0,0,302,4,7,314,76,80.51%,19.49%,41.79%,30.26%
55,267,ESCOLA MUNICIPAL JOSÉ TORQUATO DA SILVA,RESIDENCIAL COXIPÓ,364,165,100,13,8,4,0,1,1,0,0,0,0,0,292,4,7,293,71,80.49%,19.51%,45.33%,27.47%
55,269,ESCOLA ESTADUAL PROF.ª PACIANA TORRES DE SANTANA,RESIDENCIAL COXIPÓ,397,171,111,9,4,7,2,2,1,0,0,0,1,0,308,5,7,320,77,80.6%,19.4%,43.07%,27.96%
55,296,ESCOLA MUNICIPAL JOSÉ TORQUATO DA SILVA,RESIDENCIAL COXIPÓ,362,162,99,7,4,7,0,0,1,0,0,0,0,0,280,4,6,292,70,80.66%,19.34%,44.75%,27.35%
55,316,ESCOLA MUNICIPAL JOSÉ TORQUATO DA SILVA,RESIDENCIAL COXIPÓ,356,143,95,9,1,9,0,0,0,0,0,0,0,0,257,4,6,287,69,80.62%,19.38%,40.17%,26.69%
51,76,ESCOLA ESTADUAL RODOLFO AUGUSTO TRECHAUD E CURVO,RESIDENCIAL PAIAGUÁS,389,187,100,11,7,6,0,1,1,0,0,1,0,0,314,4,6,318,71,81.75%,18.25%,48.07%,25.71%
51,89,ESCOLA ESTADUAL RODOLFO AUGUSTO TRECHAUD E CURVO,RESIDENCIAL PAIAGUÁS,391,156,111,11,11,8,0,1,0,0,0,0,0,0,298,4,6,319,72,81.59%,18.41%,39.9%,28.39%
51,103,ESCOLA ESTADUAL RODOLFO AUGUSTO TRECHAUD E CURVO,RESIDENCIAL PAIAGUÁS,388,167,108,11,9,5,1,2,0,0,0,0,0,0,303,4,6,317,71,81.7%,18.3%,43.04%,27.84%
51,119,ESCOLA ESTADUAL RODOLFO AUGUSTO TRECHAUD E CURVO,RESIDENCIAL PAIAGUÁS,385,166,105,7,6,8,0,0,0,1,0,0,0,0,293,4,6,315,70,81.82%,18.18%,43.12%,27.27%
51,139,ESCOLA ESTADUAL RODOLFO AUGUSTO TRECHAUD E CURVO,RESIDENCIAL PAIAGUÁS,381,177,95,8,11,7,3,1,0,0,0,0,0,0,302,4,6,311,70,81.63%,18.37%,46.46%,24.93%
51,153,ESCOLA ESTADUAL RODOLFO AUGUSTO TRECHAUD E CURVO,RESIDENCIAL PAIAGUÁS,384,181,102,10,2,11,1,0,1,1,0,0,0,0,309,4,6,314,70,81.77%,18.23%,47.14%,26.56%
51,256,ESCOLA ESTADUAL RODOLFO AUGUSTO TRECHAUD E CURVO,RESIDENCIAL PAIAGUÁS,389,173,114,13,4,6,0,2,0,0,0,0,0,0,312,4,6,318,71,81.75%,18.25%,44.47%,29.31%
51,275,ESCOLA ESTADUAL RODOLFO AUGUSTO TRECHAUD E CURVO,RESIDENCIAL PAIAGUÁS,387,159,101,10,8,6,0,1,2,0,0,0,0,0,287,4,6,316,71,81.65%,18.35%,41.09%,26.1%
51,295,ESCOLA ESTADUAL RODOLFO AUGUSTO TRECHAUD E CURVO,RESIDENCIAL PAIAGUÁS,385,183,96,10,5,4,1,1,1,0,0,0,0,0,301,4,6,315,70,81.82%,18.18%,47.53%,24.94%
51,313,ESCOLA ESTADUAL RODOLFO AUGUSTO TRECHAUD E CURVO,RESIDENCIAL PAIAGUÁS,388,169,93,13,5,13,0,0,1,0,0,1,0,0,295,4,6,317,71,81.7%,18.3%,43.56%,23.97%
51,367,ESCOLA ESTADUAL RODOLFO AUGUSTO TRECHAUD E CURVO,RESIDENCIAL PAIAGUÁS,382,149,83,12,10,19,1,0,1,0,0,0,1,0,276,4,6,312,70,81.68%,18.32%,39.01%,21.73%
51,373,ESCOLA ESTADUAL RODOLFO AUGUSTO TRECHAUD E CURVO,RESIDENCIAL PAIAGUÁS,386,154,87,15,15,10,0,0,0,0,0,0,0,0,281,4,6,315,71,81.61%,18.39%,39.9%,22.54%
1,1044,ESCOLA MUNICIPAL DE ENSINO BÁSICO ESMERALDA DE CAMPOS FONTES,RIBEIRÃO DA PONTE,366,171,110,6,9,7,0,1,0,0,0,0,0,0,304,3,5,302,64,82.51%,17.49%,46.72%,30.05%
1,1045,ESCOLA MUNICIPAL DE ENSINO BÁSICO ESMERALDA DE CAMPOS FONTES,RIBEIRÃO DA PONTE,368,172,95,10,9,5,1,1,0,0,0,0,0,0,293,3,5,304,64,82.61%,17.39%,46.74%,25.82%
1,1046,ESCOLA MUNICIPAL DE ENSINO BÁSICO ESMERALDA DE CAMPOS FONTES,RIBEIRÃO DA PONTE,362,186,81,9,5,10,0,0,1,0,0,1,0,0,293,3,5,299,63,82.6%,17.4%,51.38%,22.38%
1,1047,ESCOLA MUNICIPAL DE ENSINO BÁSICO ESMERALDA DE CAMPOS FONTES,RIBEIRÃO DA PONTE,364,183,93,10,9,3,0,2,0,0,0,0,0,0,300,3,5,301,63,82.69%,17.31%,50.27%,25.55%
1,1048,ESCOLA MUNICIPAL DE ENSINO BÁSICO ESMERALDA DE CAMPOS FONTES,RIBEIRÃO DA PONTE,365,198,83,10,5,8,0,1,0,0,0,0,0,0,305,3,5,302,63,82.74%,17.26%,54.25%,22.74%
1,1049,ESCOLA MUNICIPAL DE ENSINO BÁSICO ESMERALDA DE CAMPOS FONTES,RIBEIRÃO DA PONTE,369,205,82,7,4,5,0,1,0,0,0,0,0,0,304,3,5,305,64,82.66%,17.34%,55.56%,22.22%
1,1050,ESCOLA MUNICIPAL DE ENSINO BÁSICO ESMERALDA DE CAMPOS FONTES,RIBEIRÃO DA PONTE,369,185,93,6,5,10,2,1,0,0,0,0,0,0,302,3,5,305,64,82.66%,17.34%,50.14%,25.2%
1,1051,ESCOLA MUNICIPAL DE ENSINO BÁSICO ESMERALDA DE CAMPOS FONTES,RIBEIRÃO DA PONTE,360,181,99,9,8,3,2,0,1,0,0,0,0,0,303,3,5,297,63,82.5%,17.5%,50.28%,27.5%
1,1052,ESCOLA MUNICIPAL DE ENSINO BÁSICO ESMERALDA DE CAMPOS FONTES,RIBEIRÃO DA PONTE,360,179,88,15,6,8,0,2,1,0,0,1,0,1,301,3,5,297,63,82.5%,17.5%,49.72%,24.44%
1,1037,ESCOLA MUNICIPAL DE PRIMEIRO GRAU MARIA TOMICH MONTEIRO DA SILVA,RIBEIRÃO DO LIPA,392,167,115,9,12,7,2,0,1,0,0,0,0,0,313,3,5,324,68,82.65%,17.35%,42.6%,29.34%
1,1038,ESCOLA MUNICIPAL DE PRIMEIRO GRAU MARIA TOMICH MONTEIRO DA SILVA,RIBEIRÃO DO LIPA,395,157,114,3,9,3,2,0,0,0,0,0,0,0,288,3,5,326,69,82.53%,17.47%,39.75%,28.86%
1,1039,ESCOLA MUNICIPAL DE PRIMEIRO GRAU MARIA TOMICH MONTEIRO DA SILVA,RIBEIRÃO DO LIPA,390,181,105,10,9,4,0,1,1,0,0,0,1,0,312,3,5,322,68,82.56%,17.44%,46.41%,26.92%
1,1040,ESCOLA MUNICIPAL DE PRIMEIRO GRAU MARIA TOMICH MONTEIRO DA SILVA,RIBEIRÃO DO LIPA,393,197,81,12,7,6,2,0,0,0,0,0,0,0,305,3,5,325,68,82.7%,17.3%,50.13%,20.61%
1,1041,ESCOLA MUNICIPAL DE PRIMEIRO GRAU MARIA TOMICH MONTEIRO DA SILVA,RIBEIRÃO DO LIPA,393,201,85,9,5,5,0,0,0,0,0,0,0,0,305,3,5,325,68,82.7%,17.3%,51.15%,21.63%
1,1042,ESCOLA MUNICIPAL DE PRIMEIRO GRAU MARIA TOMICH MONTEIRO DA SILVA,RIBEIRÃO DO LIPA,384,198,93,9,7,7,1,2,0,0,0,0,0,0,317,3,5,317,67,82.55%,17.45%,51.56%,24.22%
1,1043,ESCOLA MUNICIPAL DE PRIMEIRO GRAU MARIA TOMICH MONTEIRO DA SILVA,RIBEIRÃO DO LIPA,389,194,86,12,6,8,2,2,1,0,0,0,0,0,311,3,5,321,68,82.52%,17.48%,49.87%,22.11%
1,1159,ESCOLA MUNICIPAL DE PRIMEIRO GRAU MARIA TOMICH MONTEIRO DA SILVA,RIBEIRÃO DO LIPA,389,195,101,9,8,5,2,2,0,0,0,0,0,0,322,3,5,321,68,82.52%,17.48%,50.13%,25.96%
1,1167,ESCOLA MUNICIPAL DE PRIMEIRO GRAU MARIA TOMICH MONTEIRO DA SILVA,RIBEIRÃO DO LIPA,397,205,75,13,5,4,0,1,0,0,0,0,0,0,303,3,5,328,69,82.62%,17.38%,51.64%,18.89%
1,1185,CEIC FRANCISCO SANTANA,RIBEIRÃO DO LIPA,205,119,57,3,4,8,0,0,0,0,0,0,0,0,191,2,3,169,36,82.44%,17.56%,58.05%,27.8%
51,48,ESCOLA MUNICIPAL DOUTOR ESTEVÃO ALVES CORREA,RIO DOS PEIXES (ZONA RURAL),287,110,107,7,6,6,0,0,0,0,0,0,0,0,236,3,5,234,53,81.53%,18.47%,38.33%,37.28%
51,357,ESCOLA MUNICIPAL DOUTOR ESTEVÃO ALVES CORREA,RIO DOS PEIXES (ZONA RURAL),283,115,82,9,2,2,0,0,0,0,0,0,0,0,210,3,5,231,52,81.63%,18.37%,40.64%,28.98%
55,53,ESCOLA ESTADUAL JUAREZ RODRIGUES DOS ANJOS,SANTA LAURA,370,136,118,8,8,4,0,0,0,0,0,0,0,0,274,4,7,298,72,80.54%,19.46%,36.76%,31.89%
55,58,ESCOLA ESTADUAL JUAREZ RODRIGUES DOS ANJOS,SANTA LAURA,370,127,129,13,7,10,0,0,0,0,0,0,0,0,286,4,7,298,72,80.54%,19.46%,34.32%,34.86%
55,71,ESCOLA ESTADUAL JUAREZ RODRIGUES DOS ANJOS,SANTA LAURA,366,155,109,7,7,3,0,1,0,0,0,0,0,0,282,4,7,295,71,80.6%,19.4%,42.35%,29.78%
55,86,ESCOLA ESTADUAL JUAREZ RODRIGUES DOS ANJOS,SANTA LAURA,370,137,135,7,3,4,1,0,0,0,0,0,0,0,287,4,7,298,72,80.54%,19.46%,37.03%,36.49%
55,111,ESCOLA ESTADUAL JUAREZ RODRIGUES DOS ANJOS,SANTA LAURA,370,137,120,16,2,4,0,0,0,0,0,0,0,0,279,4,7,298,72,80.54%,19.46%,37.03%,32.43%
55,118,ESCOLA ESTADUAL JUAREZ RODRIGUES DOS ANJOS,SANTA LAURA,369,132,138,5,5,4,0,0,0,0,0,0,0,0,284,4,7,297,72,80.49%,19.51%,35.77%,37.4%
55,202,ESCOLA ESTADUAL JUAREZ RODRIGUES DOS ANJOS,SANTA LAURA,361,144,108,7,6,2,0,0,1,0,0,0,0,0,268,4,6,291,70,80.61%,19.39%,39.89%,29.92%
55,221,ESCOLA ESTADUAL JUAREZ RODRIGUES DOS ANJOS,SANTA LAURA,361,159,114,7,3,3,0,0,0,0,0,0,0,0,286,4,6,291,70,80.61%,19.39%,44.04%,31.58%
55,232,ESCOLA ESTADUAL JUAREZ RODRIGUES DOS ANJOS,SANTA LAURA,367,140,125,7,7,5,0,0,0,0,0,0,0,0,284,4,7,296,71,80.65%,19.35%,38.15%,34.06%
55,257,ESCOLA ESTADUAL JUAREZ RODRIGUES DOS ANJOS,SANTA LAURA,370,147,114,6,7,5,0,0,0,0,0,0,0,0,279,4,7,298,72,80.54%,19.46%,39.73%,30.81%
55,282,ESCOLA ESTADUAL JUAREZ RODRIGUES DOS ANJOS,SANTA LAURA,369,141,115,7,11,1,0,0,1,0,0,0,0,0,276,4,7,297,72,80.49%,19.51%,38.21%,31.17%
55,305,ESCOLA ESTADUAL JUAREZ RODRIGUES DOS ANJOS,SANTA LAURA,373,142,109,10,1,11,0,1,0,0,0,0,0,0,274,4,7,301,72,80.7%,19.3%,38.07%,29.22%
55,66,ESCOLA MUNICIPAL FRANCISCO PEDROSO DA  SILVA,SÃO FRANCISCO,367,150,117,5,8,4,0,0,2,0,0,0,0,0,286,4,7,296,71,80.65%,19.35%,40.87%,31.88%
55,67,ESCOLA MUNICIPAL FRANCISCO PEDROSO DA  SILVA,SÃO FRANCISCO,368,167,111,8,5,7,0,1,0,0,0,0,0,0,299,4,7,297,71,80.71%,19.29%,45.38%,30.16%
55,81,ESCOLA MUNICIPAL FRANCISCO PEDROSO DA  SILVA,SÃO FRANCISCO,373,160,123,5,5,8,1,0,2,0,0,0,0,0,304,4,7,301,72,80.7%,19.3%,42.9%,32.98%
55,108,ESCOLA MUNICIPAL FRANCISCO PEDROSO DA  SILVA,SÃO FRANCISCO,372,146,109,11,8,3,0,0,0,0,0,0,0,0,277,4,7,300,72,80.65%,19.35%,39.25%,29.3%
55,209,ESCOLA MUNICIPAL FRANCISCO PEDROSO DA  SILVA,SÃO FRANCISCO,366,143,111,12,7,6,1,0,1,0,0,1,0,0,282,4,7,295,71,80.6%,19.4%,39.07%,30.33%
55,237,ESCOLA MUNICIPAL FRANCISCO PEDROSO DA  SILVA,SÃO FRANCISCO,371,163,113,8,6,4,1,0,0,0,1,0,0,0,296,4,7,299,72,80.59%,19.41%,43.94%,30.46%
55,264,ESCOLA MUNICIPAL FRANCISCO PEDROSO DA  SILVA,SÃO FRANCISCO,369,143,118,9,11,4,1,0,1,0,0,0,0,0,287,4,7,297,72,80.49%,19.51%,38.75%,31.98%
55,293,ESCOLA MUNICIPAL FRANCISCO PEDROSO DA  SILVA,SÃO FRANCISCO,369,149,111,12,7,2,0,1,1,1,1,0,0,0,285,4,7,297,72,80.49%,19.51%,40.38%,30.08%
55,52,ESCOLA MUNICIPAL MARIA ELAZIR CORREA DE FIGUEIREDO,SÃO JOÃO DEL REY,382,146,137,11,13,4,0,0,0,0,0,0,0,0,311,4,7,308,74,80.63%,19.37%,38.22%,35.86%
55,62,ESCOLA MUNICIPAL MARIA ELAZIR CORREA DE FIGUEIREDO,SÃO JOÃO DEL REY,389,153,132,11,7,4,0,2,0,0,0,0,0,0,309,4,7,314,75,80.72%,19.28%,39.33%,33.93%
55,78,ESCOLA MUNICIPAL MARIA ELAZIR CORREA DE FIGUEIREDO,SÃO JOÃO DEL REY,380,135,143,7,8,5,1,0,0,0,0,0,0,0,299,4,7,306,74,80.53%,19.47%,35.53%,37.63%
55,95,ESCOLA MUNICIPAL MARIA ELAZIR CORREA DE FIGUEIREDO,SÃO JOÃO DEL REY,381,147,136,11,5,4,0,0,1,0,0,0,0,0,304,4,7,307,74,80.58%,19.42%,38.58%,35.7%
55,106,ESCOLA MUNICIPAL MARIA ELAZIR CORREA DE FIGUEIREDO,SÃO JOÃO DEL REY,382,169,120,8,6,3,0,0,1,0,0,0,0,0,307,4,7,308,74,80.63%,19.37%,44.24%,31.41%
55,119,ESCOLA MUNICIPAL MARIA ELAZIR CORREA DE FIGUEIREDO,SÃO JOÃO DEL REY,385,139,137,11,2,6,2,0,0,0,0,0,0,0,297,4,7,310,75,80.52%,19.48%,36.1%,35.58%
55,204,ESCOLA MUNICIPAL MARIA ELAZIR CORREA DE FIGUEIREDO,SÃO JOÃO DEL REY,382,136,140,9,10,5,0,0,1,0,0,0,0,0,301,4,7,308,74,80.63%,19.37%,35.6%,36.65%
55,223,ESCOLA MUNICIPAL MARIA ELAZIR CORREA DE FIGUEIREDO,SÃO JOÃO DEL REY,386,157,134,9,9,4,0,0,0,0,0,0,0,0,313,4,7,311,75,80.57%,19.43%,40.67%,34.72%
55,246,ESCOLA MUNICIPAL MARIA ELAZIR CORREA DE FIGUEIREDO,SÃO JOÃO DEL REY,384,159,109,10,9,3,0,0,2,0,0,0,0,0,292,4,7,310,74,80.73%,19.27%,41.41%,28.39%
55,265,ESCOLA MUNICIPAL MARIA ELAZIR CORREA DE FIGUEIREDO,SÃO JOÃO DEL REY,386,159,120,13,9,5,0,1,1,0,0,0,0,0,308,4,7,311,75,80.57%,19.43%,41.19%,31.09%
55,281,ESCOLA MUNICIPAL MARIA ELAZIR CORREA DE FIGUEIREDO,SÃO JOÃO DEL REY,388,168,114,6,8,3,0,0,0,0,0,0,0,0,299,4,7,313,75,80.67%,19.33%,43.3%,29.38%
55,299,ESCOLA MUNICIPAL MARIA ELAZIR CORREA DE FIGUEIREDO,SÃO JOÃO DEL REY,387,151,118,7,5,4,1,0,1,0,0,0,0,0,287,4,7,312,75,80.62%,19.38%,39.02%,30.49%
55,321,ESCOLA MUNICIPAL MARIA ELAZIR CORREA DE FIGUEIREDO,SÃO JOÃO DEL REY,387,134,148,7,5,4,0,0,0,1,0,1,0,0,300,4,7,312,75,80.62%,19.38%,34.63%,38.24%
55,65,ESCOLA MUNICIPAL SÃO SEBASTIÃO,SÃO SEBASTIÃO,350,142,123,9,11,3,1,0,1,0,0,0,0,0,290,4,6,282,68,80.57%,19.43%,40.57%,35.14%
55,90,ESCOLA MUNICIPAL SÃO SEBASTIÃO,SÃO SEBASTIÃO,351,130,127,12,11,3,1,0,0,0,0,0,0,0,284,4,6,283,68,80.63%,19.37%,37.04%,36.18%
55,236,ESCOLA MUNICIPAL SÃO SEBASTIÃO,SÃO SEBASTIÃO,357,143,111,10,10,2,0,0,1,0,0,0,0,0,277,4,6,288,69,80.67%,19.33%,40.06%,31.09%
55,271,ESCOLA MUNICIPAL SÃO SEBASTIÃO,SÃO SEBASTIÃO,351,145,109,7,17,3,0,0,1,0,0,0,0,0,282,4,6,283,68,80.63%,19.37%,41.31%,31.05%
55,292,ESCOLA MUNICIPAL SÃO SEBASTIÃO,SÃO SEBASTIÃO,352,155,106,10,8,4,2,1,0,0,0,0,0,0,286,4,6,284,68,80.68%,19.32%,44.03%,30.11%
55,322,ESCOLA MUNICIPAL SÃO SEBASTIÃO,SÃO SEBASTIÃO,357,148,101,8,5,8,0,0,0,0,0,0,0,0,270,4,6,288,69,80.67%,19.33%,41.46%,28.29%
1,1053,ESC MUN RURAL DE ENSINO BÁSICO PROF HILDA CAETANO DE OLIVEIRA LEITE,SUCURI,353,150,118,4,8,4,1,0,0,0,0,0,0,0,285,3,5,292,61,82.72%,17.28%,42.49%,33.43%
1,1055,ESC MUN RURAL DE ENSINO BÁSICO PROF HILDA CAETANO DE OLIVEIRA LEITE,SUCURI,346,165,88,6,3,6,1,0,0,0,0,0,0,0,269,3,5,286,60,82.66%,17.34%,47.69%,25.43%
1,1056,ESC MUN RURAL DE ENSINO BÁSICO PROF HILDA CAETANO DE OLIVEIRA LEITE,SUCURI,352,150,103,11,9,1,0,1,0,0,0,0,1,0,276,3,5,291,61,82.67%,17.33%,42.61%,29.26%
1,1165,ESC MUN RURAL DE ENSINO BÁSICO PROF HILDA CAETANO DE OLIVEIRA LEITE,SUCURI,350,168,90,5,9,5,0,0,0,0,0,0,0,0,277,3,5,289,61,82.57%,17.43%,48.0%,25.71%
51,216,ESCOLA MUNICIPAL CORONEL OCTAYDE JORGE DA SILVA,TANCREDO NEVES,353,160,107,9,5,7,0,2,1,0,0,0,0,0,291,4,6,288,65,81.59%,18.41%,45.33%,30.31%
51,217,ESCOLA MUNICIPAL CORONEL OCTAYDE JORGE DA SILVA,TANCREDO NEVES,352,144,124,10,6,1,0,0,0,0,0,0,0,0,285,4,6,288,64,81.82%,18.18%,40.91%,35.23%
51,219,ESCOLA MUNICIPAL CORONEL OCTAYDE JORGE DA SILVA,TANCREDO NEVES,353,145,114,8,5,7,1,0,2,0,0,0,0,0,282,4,6,288,65,81.59%,18.41%,41.08%,32.29%
51,220,ESCOLA MUNICIPAL CORONEL OCTAYDE JORGE DA SILVA,TANCREDO NEVES,353,151,107,12,4,3,0,0,0,0,0,0,0,0,277,4,6,288,65,81.59%,18.41%,42.78%,30.31%
51,245,ESCOLA MUNICIPAL CORONEL OCTAYDE JORGE DA SILVA,TANCREDO NEVES,350,155,90,10,5,6,0,0,0,0,0,0,0,0,266,4,6,286,64,81.71%,18.29%,44.29%,25.71%
55,5,ESCOLA ESTADUAL MANUEL CAVALCANTI PROENÇA,TIJUCAL,267,125,74,8,7,2,0,0,0,0,0,0,0,0,216,3,5,215,52,80.52%,19.48%,46.82%,27.72%
55,6,ESCOLA ESTADUAL MANUEL CAVALCANTI PROENÇA,TIJUCAL,269,127,69,7,6,5,0,0,1,0,0,0,0,0,215,3,5,217,52,80.67%,19.33%,47.21%,25.65%
55,7,ESCOLA ESTADUAL MANUEL CAVALCANTI PROENÇA,TIJUCAL,262,108,64,8,7,5,0,0,0,0,0,0,0,0,192,3,5,211,51,80.53%,19.47%,41.22%,24.43%
55,8,ESCOLA ESTADUAL MANUEL CAVALCANTI PROENÇA,TIJUCAL,268,121,64,6,4,3,0,0,0,0,0,0,0,0,198,3,5,216,52,80.6%,19.4%,45.15%,23.88%
55,9,ESCOLA ESTADUAL MANUEL CAVALCANTI PROENÇA,TIJUCAL,267,141,62,9,4,12,0,0,0,0,0,0,0,0,228,3,5,215,52,80.52%,19.48%,52.81%,23.22%
55,10,ESCOLA ESTADUAL MANUEL CAVALCANTI PROENÇA,TIJUCAL,262,149,100,9,9,8,1,0,0,2,0,0,0,0,278,3,5,211,51,80.53%,19.47%,56.87%,38.17%
55,11,ESCOLA ESTADUAL MANUEL CAVALCANTI PROENÇA,TIJUCAL,264,123,73,10,5,2,0,0,1,0,0,0,0,0,214,3,5,213,51,80.68%,19.32%,46.59%,27.65%
55,12,ESCOLA ESTADUAL AGENOR FERREIRA LEÃO,TIJUCAL,352,169,99,10,7,4,1,0,0,0,0,0,0,0,290,4,6,284,68,80.68%,19.32%,48.01%,28.12%
55,13,ESCOLA ESTADUAL AGENOR FERREIRA LEÃO,TIJUCAL,349,162,104,6,5,1,0,0,0,0,1,0,0,0,279,4,6,281,68,80.52%,19.48%,46.42%,29.8%
55,14,ESCOLA ESTADUAL AGENOR FERREIRA LEÃO,TIJUCAL,348,160,99,8,6,4,0,0,0,0,0,0,0,0,277,4,6,281,67,80.75%,19.25%,45.98%,28.45%
55,15,ESCOLA ESTADUAL AGENOR FERREIRA LEÃO,TIJUCAL,344,146,110,9,6,2,1,0,0,1,0,0,0,0,275,4,6,277,67,80.52%,19.48%,42.44%,31.98%
55,16,ESCOLA ESTADUAL ESTEVÃO ALVES CORREA,TIJUCAL,377,167,96,8,5,12,0,2,1,0,0,0,0,0,291,4,7,304,73,80.64%,19.36%,44.3%,25.46%
55,17,ESCOLA ESTADUAL ESTEVÃO ALVES CORREA,TIJUCAL,391,193,87,10,11,4,0,0,0,0,0,0,0,0,305,4,7,315,76,80.56%,19.44%,49.36%,22.25%
55,18,ESCOLA ESTADUAL ESTEVÃO ALVES CORREA,TIJUCAL,387,169,96,9,5,5,1,1,0,0,0,0,0,0,286,4,7,312,75,80.62%,19.38%,43.67%,24.81%
55,19,ESCOLA ESTADUAL ESTEVÃO ALVES CORREA,TIJUCAL,387,157,84,6,14,12,0,0,1,0,0,0,0,0,274,4,7,312,75,80.62%,19.38%,40.57%,21.71%
55,20,ESCOLA ESTADUAL ESTEVÃO ALVES CORREA,TIJUCAL,383,166,99,8,10,9,0,2,1,0,0,0,0,0,295,4,7,309,74,80.68%,19.32%,43.34%,25.85%
55,21,ESCOLA ESTADUAL ESTEVÃO ALVES CORREA,TIJUCAL,380,152,112,10,8,7,0,1,0,0,0,0,0,0,290,4,7,306,74,80.53%,19.47%,40.0%,29.47%
55,22,ESCOLA ESTADUAL ESTEVÃO ALVES CORREA,TIJUCAL,386,171,91,8,9,12,0,0,1,0,1,0,0,0,293,4,7,311,75,80.57%,19.43%,44.3%,23.58%
55,23,ESCOLA ESTADUAL ESTEVÃO ALVES CORREA,TIJUCAL,383,149,110,8,10,12,0,0,0,1,0,0,0,0,290,4,7,309,74,80.68%,19.32%,38.9%,28.72%
55,26,ESCOLA  ESTADUAL MARIANA LUIZA MOREIRA,TIJUCAL,369,191,111,11,5,10,0,0,0,0,0,0,0,0,328,4,7,297,72,80.49%,19.51%,51.76%,30.08%
55,27,ESCOLA  ESTADUAL MARIANA LUIZA MOREIRA,TIJUCAL,372,167,95,12,5,6,0,1,1,0,0,0,0,0,287,4,7,300,72,80.65%,19.35%,44.89%,25.54%
55,28,ESCOLA  ESTADUAL MARIANA LUIZA MOREIRA,TIJUCAL,368,158,96,12,13,2,1,0,0,1,1,0,0,0,284,4,7,297,71,80.71%,19.29%,42.93%,26.09%
55,29,ESCOLA  ESTADUAL MARIANA LUIZA MOREIRA,TIJUCAL,372,161,108,4,9,5,1,0,0,0,0,0,0,0,288,4,7,300,72,80.65%,19.35%,43.28%,29.03%
55,30,ESCOLA  ESTADUAL MARIANA LUIZA MOREIRA,TIJUCAL,373,184,96,6,4,4,0,1,0,0,0,0,0,0,295,4,7,301,72,80.7%,19.3%,49.33%,25.74%
55,31,ESCOLA  ESTADUAL MARIANA LUIZA MOREIRA,TIJUCAL,373,163,118,9,9,4,0,1,0,0,0,0,0,0,304,4,7,301,72,80.7%,19.3%,43.7%,31.64%
55,49,ESCOLA  ESTADUAL MARIANA LUIZA MOREIRA,TIJUCAL,373,170,100,10,4,6,0,0,1,0,0,0,0,0,291,4,7,301,72,80.7%,19.3%,45.58%,26.81%
55,59,ESCOLA ESTADUAL AGENOR FERREIRA LEÃO,TIJUCAL,349,155,104,7,7,9,0,0,0,0,0,0,0,0,282,4,6,281,68,80.52%,19.48%,44.41%,29.8%
55,79,ESCOLA  ESTADUAL MARIANA LUIZA MOREIRA,TIJUCAL,371,168,90,10,7,9,0,0,2,1,0,0,0,0,287,4,7,299,72,80.59%,19.41%,45.28%,24.26%
55,80,ESCOLA ESTADUAL MANUEL CAVALCANTI PROENÇA,TIJUCAL,261,136,63,9,6,4,0,0,1,0,0,0,0,0,219,3,5,210,51,80.46%,19.54%,52.11%,24.14%
55,97,ESCOLA ESTADUAL MANUEL CAVALCANTI PROENÇA,TIJUCAL,263,131,71,4,6,4,1,0,0,0,0,0,0,0,217,3,5,212,51,80.61%,19.39%,49.81%,27.0%
55,99,ESCOLA ESTADUAL AGENOR FERREIRA LEÃO,TIJUCAL,350,164,99,14,3,4,0,0,0,0,0,0,0,0,284,4,6,282,68,80.57%,19.43%,46.86%,28.29%
55,100,ESCOLA  ESTADUAL MARIANA LUIZA MOREIRA,TIJUCAL,371,169,98,15,6,6,0,0,0,0,0,0,0,0,294,4,7,299,72,80.59%,19.41%,45.55%,26.42%
55,109,ESCOLA ESTADUAL MANUEL CAVALCANTI PROENÇA,TIJUCAL,265,139,59,5,6,4,1,0,0,0,0,0,0,0,214,3,5,214,51,80.75%,19.25%,52.45%,22.26%
55,110,ESCOLA ESTADUAL ESTEVÃO ALVES CORREA,TIJUCAL,386,177,85,13,9,9,1,0,1,0,0,0,0,0,295,4,7,311,75,80.57%,19.43%,45.85%,22.02%
55,120,ESCOLA ESTADUAL ESTEVÃO ALVES CORREA,TIJUCAL,385,165,110,9,6,6,1,0,1,1,0,0,0,0,299,4,7,310,75,80.52%,19.48%,42.86%,28.57%
55,121,ESCOLA  ESTADUAL MARIANA LUIZA MOREIRA,TIJUCAL,374,170,100,9,12,6,0,0,1,0,0,0,0,0,298,4,7,301,73,80.48%,19.52%,45.45%,26.74%
55,124,ESCOLA ESTADUAL MANUEL CAVALCANTI PROENÇA,TIJUCAL,259,126,65,5,6,6,0,2,1,0,0,1,0,0,212,3,5,209,50,80.69%,19.31%,48.65%,25.1%
55,126,ESCOLA ESTADUAL AGENOR FERREIRA LEÃO,TIJUCAL,349,168,90,11,9,2,1,0,0,0,1,0,0,0,282,4,6,281,68,80.52%,19.48%,48.14%,25.79%
55,210,ESCOLA ESTADUAL ESTEVÃO ALVES CORREA,TIJUCAL,389,181,82,14,10,4,1,1,0,1,1,0,0,0,295,4,7,314,75,80.72%,19.28%,46.53%,21.08%
55,224,ESCOLA ESTADUAL MANUEL CAVALCANTI PROENÇA,TIJUCAL,264,134,66,4,9,7,1,1,0,0,0,0,0,0,222,3,5,213,51,80.68%,19.32%,50.76%,25.0%
55,229,ESCOLA ESTADUAL ESTEVÃO ALVES CORREA,TIJUCAL,386,169,93,11,6,11,0,0,1,0,1,0,0,0,292,4,7,311,75,80.57%,19.43%,43.78%,24.09%
55,240,ESCOLA  ESTADUAL MARIANA LUIZA MOREIRA,TIJUCAL,376,170,96,9,3,6,1,1,1,0,0,0,0,0,287,4,7,303,73,80.59%,19.41%,45.21%,25.53%
55,263,ESCOLA ESTADUAL ESTEVÃO ALVES CORREA,TIJUCAL,383,153,89,13,5,7,0,0,1,1,0,0,0,0,269,4,7,309,74,80.68%,19.32%,39.95%,23.24%
55,273,ESCOLA  ESTADUAL MARIANA LUIZA MOREIRA,TIJUCAL,378,156,123,9,7,6,0,0,0,0,0,0,0,0,301,4,7,305,73,80.69%,19.31%,41.27%,32.54%
55,326,CEIC HELENITA PAES DE ASSUNÇÃO,TIJUCAL,118,44,30,3,2,2,0,0,0,0,0,0,0,0,81,1,2,95,23,80.51%,19.49%,37.29%,25.42%
55,328,CRECHE MUNICIPAL MARIUZA DO CARMO OJEDA DE BARROS,TIJUCAL,83,41,23,1,3,3,0,0,0,0,0,0,0,0,71,1,1,67,16,80.72%,19.28%,49.4%,27.71%
51,57,ESCOLA MUNICIPAL PROFESSOR FIRMO JOSÉ RODRIGUES,TRÊS BARRAS,385,150,137,8,8,5,0,0,0,0,0,0,0,0,308,4,6,315,70,81.82%,18.18%,38.96%,35.58%
51,62,ESCOLA MUNICIPAL PROFESSOR FIRMO JOSÉ RODRIGUES,TRÊS BARRAS,387,134,133,15,9,3,0,0,0,0,0,0,0,0,294,4,6,316,71,81.65%,18.35%,34.63%,34.37%
51,68,ESCOLA MUNICIPAL PROFESSOR FIRMO JOSÉ RODRIGUES,TRÊS BARRAS,388,149,127,6,7,10,2,0,1,0,0,0,0,0,302,4,6,317,71,81.7%,18.3%,38.4%,32.73%
51,81,ESCOLA MUNICIPAL PROFESSOR FIRMO JOSÉ RODRIGUES,TRÊS BARRAS,390,157,119,7,8,5,0,0,1,0,0,0,0,0,297,4,6,319,71,81.79%,18.21%,40.26%,30.51%
51,92,ESCOLA MUNICIPAL PROFESSOR FIRMO JOSÉ RODRIGUES,TRÊS BARRAS,386,148,134,15,6,3,0,0,0,0,0,0,0,0,306,4,6,315,71,81.61%,18.39%,38.34%,34.72%
51,96,ESCOLA MUNICIPAL PROFESSOR FIRMO JOSÉ RODRIGUES,TRÊS BARRAS,385,169,116,7,2,2,1,1,0,0,0,0,0,0,298,4,6,315,70,81.82%,18.18%,43.9%,30.13%
51,102,ESCOLA MUNICIPAL PROFESSOR FIRMO JOSÉ RODRIGUES,TRÊS BARRAS,386,161,117,4,7,6,0,0,0,0,0,0,0,0,295,4,6,315,71,81.61%,18.39%,41.71%,30.31%
51,109,ESCOLA MUNICIPAL PROFESSOR FIRMO JOSÉ RODRIGUES,TRÊS BARRAS,384,167,115,11,5,5,1,1,0,0,0,0,0,0,305,4,6,314,70,81.77%,18.23%,43.49%,29.95%
51,122,ESCOLA MUNICIPAL PROFESSOR FIRMO JOSÉ RODRIGUES,TRÊS BARRAS,387,180,102,9,5,8,0,1,0,0,0,0,0,0,305,4,6,316,71,81.65%,18.35%,46.51%,26.36%
51,135,ESCOLA MUNICIPAL PROFESSOR FIRMO JOSÉ RODRIGUES,TRÊS BARRAS,389,152,120,12,3,2,0,0,0,0,0,0,0,0,289,4,6,318,71,81.75%,18.25%,39.07%,30.85%
51,154,ESCOLA MUNICIPAL PROFESSOR FIRMO JOSÉ RODRIGUES,TRÊS BARRAS,380,160,116,10,8,4,0,1,0,0,0,0,0,0,299,4,6,310,70,81.58%,18.42%,42.11%,30.53%
51,267,ESCOLA MUNICIPAL PROFESSOR FIRMO JOSÉ RODRIGUES,TRÊS BARRAS,387,128,129,9,11,8,1,0,3,0,0,0,0,0,289,4,6,316,71,81.65%,18.35%,33.07%,33.33%
51,297,ESCOLA MUNICIPAL PROFESSOR FIRMO JOSÉ RODRIGUES,TRÊS BARRAS,388,158,116,15,8,7,0,1,0,0,0,0,0,0,305,4,6,317,71,81.7%,18.3%,40.72%,29.9%
51,316,ESCOLA MUNICIPAL PROFESSOR FIRMO JOSÉ RODRIGUES,TRÊS BARRAS,385,140,124,4,11,10,0,1,0,0,0,0,0,0,290,4,6,315,70,81.82%,18.18%,36.36%,32.21%
51,345,ESCOLA MUNICIPAL PROFESSOR FIRMO JOSÉ RODRIGUES,TRÊS BARRAS,394,150,116,13,6,4,1,0,0,0,0,1,0,0,291,4,6,322,72,81.73%,18.27%,38.07%,29.44%
51,355,ESCOLA MUNICIPAL PROFESSOR FIRMO JOSÉ RODRIGUES,TRÊS BARRAS,386,152,111,3,7,6,0,0,0,0,0,0,0,0,279,4,6,315,71,81.61%,18.39%,39.38%,28.76%
51,387,ESCOLA MUNICIPAL PROFESSOR FIRMO JOSÉ RODRIGUES,TRÊS BARRAS,62,28,23,2,1,1,0,0,0,0,0,0,0,0,55,1,1,51,11,82.26%,17.74%,45.16%,37.1%
1,1150,ARENA PANTANAL,VERDÃO,393,185,97,12,7,9,1,1,0,0,0,0,0,0,312,3,5,325,68,82.7%,17.3%,47.07%,24.68%
1,1151,ARENA PANTANAL,VERDÃO,387,185,87,11,4,8,0,1,1,0,0,0,0,0,297,3,5,320,67,82.69%,17.31%,47.8%,22.48%
1,1152,ARENA PANTANAL,VERDÃO,389,212,78,2,7,4,1,1,0,0,0,0,0,0,305,3,5,321,68,82.52%,17.48%,54.5%,20.05%
1,1153,ARENA PANTANAL,VERDÃO,393,207,80,11,3,10,0,3,0,0,0,0,0,0,314,3,5,325,68,82.7%,17.3%,52.67%,20.36%
1,1154,ARENA PANTANAL,VERDÃO,394,219,77,8,5,10,0,0,0,0,0,0,1,0,320,3,5,326,68,82.74%,17.26%,55.58%,19.54%
1,1155,ARENA PANTANAL,VERDÃO,387,199,81,10,7,3,0,1,0,0,1,0,0,0,302,3,5,320,67,82.69%,17.31%,51.42%,20.93%
1,1156,ARENA PANTANAL,VERDÃO,392,201,83,4,2,9,0,2,0,0,0,0,0,0,301,3,5,324,68,82.65%,17.35%,51.28%,21.17%
1,1163,ARENA PANTANAL,VERDÃO,392,205,75,13,5,7,0,1,0,0,0,0,0,0,306,3,5,324,68,82.65%,17.35%,52.3%,19.13%
1,1174,ARENA PANTANAL,VERDÃO,393,194,85,13,4,11,2,0,0,0,0,0,0,0,309,3,5,325,68,82.7%,17.3%,49.36%,21.63%
1,1180,ARENA PANTANAL,VERDÃO,391,204,81,5,5,12,2,1,0,0,0,0,0,0,310,3,5,323,68,82.61%,17.39%,52.17%,20.72%
1,1182,ARENA PANTANAL,VERDÃO,388,174,77,6,7,11,1,1,0,0,0,0,0,0,277,3,5,321,67,82.73%,17.27%,44.85%,19.85%
55,217,ESCOLA MUNICIPAL EUGÊNIA PEREIRA DE MELLO,VISTA ALEGRE,294,173,67,14,4,5,5,0,0,0,0,0,0,0,268,3,5,237,57,80.61%,19.39%,58.84%,22.79%
55,283,ESCOLA MUNICIPAL EUGÊNIA PEREIRA DE MELLO,VISTA ALEGRE,291,126,82,5,8,4,0,0,0,0,0,0,0,0,225,3,5,235,56,80.76%,19.24%,43.3%,28.18%
55,303,ESCOLA MUNICIPAL EUGÊNIA PEREIRA DE MELLO,VISTA ALEGRE,223,104,62,6,3,5,2,0,0,0,0,0,0,0,182,3,4,180,43,80.72%,19.28%,46.64%,27.8%
55,304,ESCOLA MUNICIPAL EUGÊNIA PEREIRA DE MELLO,VISTA ALEGRE,219,95,56,7,2,8,0,0,1,0,0,0,0,0,169,3,4,177,42,80.82%,19.18%,43.38%,25.57%
55,45,ESCOLA MUNICIPAL NOVO RENASCER,ZONA RURAL,219,63,96,4,10,3,0,0,0,0,0,0,0,0,176,3,4,177,42,80.82%,19.18%,28.77%,43.84%
55,75,ESCOLA MUNICIPAL NOVO RENASCER,ZONA RURAL,216,77,73,2,10,1,1,0,0,0,0,0,0,0,164,2,4,174,42,80.56%,19.44%,35.65%,33.8%
55,201,ESCOLA MUNICIPAL NOVO RENASCER,ZONA RURAL,219,88,84,0,6,0,0,0,0,0,0,0,0,0,178,3,4,177,42,80.82%,19.18%,40.18%,38.36%